Code,DJINDUS
01/01/2007,12463.15
02/01/2007,12463.15
03/01/2007,12474.52
04/01/2007,12480.69
05/01/2007,12398.01
08/01/2007,12423.49
09/01/2007,12416.6
10/01/2007,12442.16
11/01/2007,12514.98
12/01/2007,12556.08
15/01/2007,12556.08
16/01/2007,12582.59
17/01/2007,12577.15
18/01/2007,12567.93
19/01/2007,12565.53
22/01/2007,12477.16
23/01/2007,12533.8
24/01/2007,12621.77
25/01/2007,12502.56
26/01/2007,12487.02
29/01/2007,12490.78
30/01/2007,12523.31
31/01/2007,12621.69
01/02/2007,12673.68
02/02/2007,12653.49
05/02/2007,12661.74
06/02/2007,12666.31
07/02/2007,12666.87
08/02/2007,12637.63
09/02/2007,12580.83
12/02/2007,12552.55
13/02/2007,12654.85
14/02/2007,12741.86
15/02/2007,12765.01
16/02/2007,12767.57
19/02/2007,12767.57
20/02/2007,12786.64
21/02/2007,12738.41
22/02/2007,12686.02
23/02/2007,12647.48
26/02/2007,12632.26
27/02/2007,12216.24
28/02/2007,12268.63
01/03/2007,12234.34
02/03/2007,12114.1
05/03/2007,12050.41
06/03/2007,12207.59
07/03/2007,12192.45
08/03/2007,12260.7
09/03/2007,12276.32
12/03/2007,12318.62
13/03/2007,12075.96
14/03/2007,12133.4
15/03/2007,12159.68
16/03/2007,12110.41
19/03/2007,12226.17
20/03/2007,12288.1
21/03/2007,12447.52
22/03/2007,12461.14
23/03/2007,12481.01
26/03/2007,12469.07
27/03/2007,12397.29
28/03/2007,12300.36
29/03/2007,12348.75
30/03/2007,12354.35
02/04/2007,12382.3
03/04/2007,12510.3
04/04/2007,12530.05
05/04/2007,12560.2
06/04/2007,12560.2
09/04/2007,12569.14
10/04/2007,12573.85
11/04/2007,12484.62
12/04/2007,12552.96
13/04/2007,12612.13
16/04/2007,12720.46
17/04/2007,12773.04
18/04/2007,12803.84
19/04/2007,12808.63
20/04/2007,12961.98
23/04/2007,12919.4
24/04/2007,12953.94
25/04/2007,13089.89
26/04/2007,13105.5
27/04/2007,13120.94
30/04/2007,13062.91
01/05/2007,13136.14
02/05/2007,13211.88
03/05/2007,13241.38
04/05/2007,13264.62
07/05/2007,13312.97
08/05/2007,13309.07
09/05/2007,13362.87
10/05/2007,13215.13
11/05/2007,13326.22
14/05/2007,13346.78
15/05/2007,13383.84
16/05/2007,13487.53
17/05/2007,13476.73
18/05/2007,13556.53
21/05/2007,13542.88
22/05/2007,13539.95
23/05/2007,13525.65
24/05/2007,13441.13
25/05/2007,13507.28
28/05/2007,13507.28
29/05/2007,13521.34
30/05/2007,13633.08
31/05/2007,13627.64
01/06/2007,13668.11
04/06/2007,13676.32
05/06/2007,13595.46
06/06/2007,13465.67
07/06/2007,13266.73
08/06/2007,13424.39
11/06/2007,13424.96
12/06/2007,13295.01
13/06/2007,13482.35
14/06/2007,13553.72
15/06/2007,13639.48
18/06/2007,13612.98
19/06/2007,13635.42
20/06/2007,13489.42
21/06/2007,13545.84
22/06/2007,13360.26
25/06/2007,13352.05
26/06/2007,13337.66
27/06/2007,13427.73
28/06/2007,13422.28
29/06/2007,13408.62
02/07/2007,13535.43
03/07/2007,13577.3
04/07/2007,13577.3
05/07/2007,13565.84
06/07/2007,13611.68
09/07/2007,13649.97
10/07/2007,13501.7
11/07/2007,13577.87
12/07/2007,13861.73
13/07/2007,13907.25
16/07/2007,13950.98
17/07/2007,13971.55
18/07/2007,13918.22
19/07/2007,14000.41
20/07/2007,13851.08
23/07/2007,13943.42
24/07/2007,13716.95
25/07/2007,13785.07
26/07/2007,13473.57
27/07/2007,13265.47
30/07/2007,13358.31
31/07/2007,13211.99
01/08/2007,13362.37
02/08/2007,13463.33
03/08/2007,13181.91
06/08/2007,13468.78
07/08/2007,13504.3
08/08/2007,13657.86
09/08/2007,13270.68
10/08/2007,13239.54
13/08/2007,13236.53
14/08/2007,13028.92
15/08/2007,12861.47
16/08/2007,12845.78
17/08/2007,13079.08
20/08/2007,13121.35
21/08/2007,13090.86
22/08/2007,13236.13
23/08/2007,13235.88
24/08/2007,13378.87
27/08/2007,13322.13
28/08/2007,13041.85
29/08/2007,13289.29
30/08/2007,13238.73
31/08/2007,13357.74
03/09/2007,13357.74
04/09/2007,13448.86
05/09/2007,13305.47
06/09/2007,13363.35
07/09/2007,13113.38
10/09/2007,13127.85
11/09/2007,13308.39
12/09/2007,13291.65
13/09/2007,13424.88
14/09/2007,13442.52
17/09/2007,13403.42
18/09/2007,13739.39
19/09/2007,13815.56
20/09/2007,13766.7
21/09/2007,13820.19
24/09/2007,13759.06
25/09/2007,13778.65
26/09/2007,13878.15
27/09/2007,13912.94
28/09/2007,13895.63
01/10/2007,14087.55
02/10/2007,14047.31
03/10/2007,13968.05
04/10/2007,13974.31
05/10/2007,14066.01
08/10/2007,14043.73
09/10/2007,14164.53
10/10/2007,14078.69
11/10/2007,14015.12
12/10/2007,14093.08
15/10/2007,13984.8
16/10/2007,13912.94
17/10/2007,13892.54
18/10/2007,13888.96
19/10/2007,13522.02
22/10/2007,13566.97
23/10/2007,13676.23
24/10/2007,13675.25
25/10/2007,13671.92
26/10/2007,13806.7
29/10/2007,13870.26
30/10/2007,13792.47
31/10/2007,13930.01
01/11/2007,13567.87
02/11/2007,13595.1
05/11/2007,13543.4
06/11/2007,13660.94
07/11/2007,13300.02
08/11/2007,13266.29
09/11/2007,13042.74
12/11/2007,12987.55
13/11/2007,13307.09
14/11/2007,13231.01
15/11/2007,13110.05
16/11/2007,13176.79
19/11/2007,12958.44
20/11/2007,13010.14
21/11/2007,12799.04
22/11/2007,12799.04
23/11/2007,12980.88
26/11/2007,12743.44
27/11/2007,12958.44
28/11/2007,13289.45
29/11/2007,13311.73
30/11/2007,13371.72
03/12/2007,13314.57
04/12/2007,13248.73
05/12/2007,13444.96
06/12/2007,13619.89
07/12/2007,13625.58
10/12/2007,13727.03
11/12/2007,13432.77
12/12/2007,13473.9
13/12/2007,13517.96
14/12/2007,13339.85
17/12/2007,13167.2
18/12/2007,13232.47
19/12/2007,13207.27
20/12/2007,13245.64
21/12/2007,13450.65
24/12/2007,13549.33
25/12/2007,13549.33
26/12/2007,13551.69
27/12/2007,13359.61
28/12/2007,13365.87
31/12/2007,13264.82
01/01/2008,13264.82
02/01/2008,13043.96
03/01/2008,13056.72
04/01/2008,12800.18
07/01/2008,12827.49
08/01/2008,12589.07
09/01/2008,12735.31
10/01/2008,12853.09
11/01/2008,12606.3
14/01/2008,12778.15
15/01/2008,12501.11
16/01/2008,12466.16
17/01/2008,12159.21
18/01/2008,12099.3
21/01/2008,12099.3
22/01/2008,11971.19
23/01/2008,12270.17
24/01/2008,12378.61
25/01/2008,12207.17
28/01/2008,12383.89
29/01/2008,12480.3
30/01/2008,12442.83
31/01/2008,12650.36
01/02/2008,12743.19
04/02/2008,12635.16
05/02/2008,12265.13
06/02/2008,12200.1
07/02/2008,12247
08/02/2008,12182.13
11/02/2008,12240.01
12/02/2008,12373.41
13/02/2008,12552.24
14/02/2008,12376.98
15/02/2008,12348.21
18/02/2008,12348.21
19/02/2008,12337.22
20/02/2008,12427.26
21/02/2008,12284.3
22/02/2008,12381.02
25/02/2008,12570.22
26/02/2008,12684.92
27/02/2008,12694.28
28/02/2008,12582.18
29/02/2008,12266.39
03/03/2008,12258.9
04/03/2008,12213.8
05/03/2008,12254.99
06/03/2008,12040.39
07/03/2008,11893.69
10/03/2008,11740.15
11/03/2008,12156.81
12/03/2008,12110.24
13/03/2008,12145.74
14/03/2008,11951.09
17/03/2008,11972.25
18/03/2008,12392.66
19/03/2008,12099.66
20/03/2008,12361.32
21/03/2008,12361.32
24/03/2008,12548.64
25/03/2008,12532.6
26/03/2008,12422.86
27/03/2008,12302.46
28/03/2008,12216.4
31/03/2008,12262.89
01/04/2008,12654.36
02/04/2008,12605.83
03/04/2008,12626.03
04/04/2008,12609.42
07/04/2008,12612.43
08/04/2008,12576.44
09/04/2008,12527.26
10/04/2008,12581.98
11/04/2008,12325.42
14/04/2008,12302.06
15/04/2008,12362.47
16/04/2008,12619.27
17/04/2008,12620.49
18/04/2008,12849.36
21/04/2008,12825.02
22/04/2008,12720.23
23/04/2008,12763.22
24/04/2008,12848.95
25/04/2008,12891.86
28/04/2008,12871.75
29/04/2008,12831.94
30/04/2008,12820.13
01/05/2008,13010
02/05/2008,13058.2
05/05/2008,12969.54
06/05/2008,13020.83
07/05/2008,12814.35
08/05/2008,12866.78
09/05/2008,12745.88
12/05/2008,12876.31
13/05/2008,12832.18
14/05/2008,12898.38
15/05/2008,12992.66
16/05/2008,12986.8
19/05/2008,13028.16
20/05/2008,12828.68
21/05/2008,12601.19
22/05/2008,12625.62
23/05/2008,12479.63
26/05/2008,12479.63
27/05/2008,12548.35
28/05/2008,12594.03
29/05/2008,12646.22
30/05/2008,12638.32
02/06/2008,12503.82
03/06/2008,12402.85
04/06/2008,12390.48
05/06/2008,12604.45
06/06/2008,12209.81
09/06/2008,12280.32
10/06/2008,12289.76
11/06/2008,12083.77
12/06/2008,12141.58
13/06/2008,12307.35
16/06/2008,12269.08
17/06/2008,12160.3
18/06/2008,12029.06
19/06/2008,12063.09
20/06/2008,11842.69
23/06/2008,11842.36
24/06/2008,11807.43
25/06/2008,11811.83
26/06/2008,11453.42
27/06/2008,11346.51
30/06/2008,11350.01
01/07/2008,11382.26
02/07/2008,11215.51
03/07/2008,11288.54
04/07/2008,11288.54
07/07/2008,11231.96
08/07/2008,11384.21
09/07/2008,11147.44
10/07/2008,11229.02
11/07/2008,11100.54
14/07/2008,11055.19
15/07/2008,10962.54
16/07/2008,11239.28
17/07/2008,11446.66
18/07/2008,11496.57
21/07/2008,11467.34
22/07/2008,11602.5
23/07/2008,11632.38
24/07/2008,11349.28
25/07/2008,11370.69
28/07/2008,11131.08
29/07/2008,11397.56
30/07/2008,11583.69
31/07/2008,11378.02
01/08/2008,11326.32
04/08/2008,11284.15
05/08/2008,11615.77
06/08/2008,11656.07
07/08/2008,11431.43
08/08/2008,11734.32
11/08/2008,11782.35
12/08/2008,11642.47
13/08/2008,11532.96
14/08/2008,11615.93
15/08/2008,11659.9
18/08/2008,11479.39
19/08/2008,11348.55
20/08/2008,11417.43
21/08/2008,11430.21
22/08/2008,11628.06
25/08/2008,11386.25
26/08/2008,11412.87
27/08/2008,11502.51
28/08/2008,11715.18
29/08/2008,11543.55
01/09/2008,11543.55
02/09/2008,11516.92
03/09/2008,11532.88
04/09/2008,11188.23
05/09/2008,11220.96
08/09/2008,11510.74
09/09/2008,11230.73
10/09/2008,11268.92
11/09/2008,11433.71
12/09/2008,11421.99
15/09/2008,10917.51
16/09/2008,11059.02
17/09/2008,10609.66
18/09/2008,11019.69
19/09/2008,11388.44
22/09/2008,11015.69
23/09/2008,10854.17
24/09/2008,10825.17
25/09/2008,11022.06
26/09/2008,11143.13
29/09/2008,10365.45
30/09/2008,10850.66
01/10/2008,10831.07
02/10/2008,10482.85
03/10/2008,10325.38
06/10/2008,9955.5
07/10/2008,9447.11
08/10/2008,9258.1
09/10/2008,8579.19
10/10/2008,8451.19
13/10/2008,9387.61
14/10/2008,9310.99
15/10/2008,8577.91
16/10/2008,8979.26
17/10/2008,8852.22
20/10/2008,9265.43
21/10/2008,9033.66
22/10/2008,8519.21
23/10/2008,8691.25
24/10/2008,8378.95
27/10/2008,8175.77
28/10/2008,9065.12
29/10/2008,8990.96
30/10/2008,9180.69
31/10/2008,9325.01
03/11/2008,9319.83
04/11/2008,9625.28
05/11/2008,9139.27
06/11/2008,8695.79
07/11/2008,8943.81
10/11/2008,8870.54
11/11/2008,8693.96
12/11/2008,8282.66
13/11/2008,8835.25
14/11/2008,8497.31
17/11/2008,8273.58
18/11/2008,8424.75
19/11/2008,7997.28
20/11/2008,7552.29
21/11/2008,8046.42
24/11/2008,8443.39
25/11/2008,8479.47
26/11/2008,8726.61
27/11/2008,8726.61
28/11/2008,8829.04
01/12/2008,8149.09
02/12/2008,8419.09
03/12/2008,8591.69
04/12/2008,8376.24
05/12/2008,8635.42
08/12/2008,8934.18
09/12/2008,8691.33
10/12/2008,8761.42
11/12/2008,8565.09
12/12/2008,8629.68
15/12/2008,8564.53
16/12/2008,8924.14
17/12/2008,8824.34
18/12/2008,8604.99
19/12/2008,8579.11
22/12/2008,8519.77
23/12/2008,8419.49
24/12/2008,8468.48
25/12/2008,8468.48
26/12/2008,8515.55
29/12/2008,8483.93
30/12/2008,8668.39
31/12/2008,8776.39
01/01/2009,8776.39
02/01/2009,9034.69
05/01/2009,8952.89
06/01/2009,9015.1
07/01/2009,8769.7
08/01/2009,8742.46
09/01/2009,8599.18
12/01/2009,8473.97
13/01/2009,8448.56
14/01/2009,8200.14
15/01/2009,8212.49
16/01/2009,8281.22
19/01/2009,8281.22
20/01/2009,7949.09
21/01/2009,8228.1
22/01/2009,8122.8
23/01/2009,8077.56
26/01/2009,8116.03
27/01/2009,8174.73
28/01/2009,8375.45
29/01/2009,8149.01
30/01/2009,8000.86
02/02/2009,7936.83
03/02/2009,8078.36
04/02/2009,7956.66
05/02/2009,8063.07
06/02/2009,8280.59
09/02/2009,8270.87
10/02/2009,7888.88
11/02/2009,7939.53
12/02/2009,7932.76
13/02/2009,7850.41
16/02/2009,7850.41
17/02/2009,7552.6
18/02/2009,7555.63
19/02/2009,7465.95
20/02/2009,7365.67
23/02/2009,7114.78
24/02/2009,7350.94
25/02/2009,7270.89
26/02/2009,7182.08
27/02/2009,7062.93
02/03/2009,6763.29
03/03/2009,6726.02
04/03/2009,6875.84
05/03/2009,6594.44
06/03/2009,6626.94
09/03/2009,6547.05
10/03/2009,6926.49
11/03/2009,6930.4
12/03/2009,7170.06
13/03/2009,7223.98
16/03/2009,7216.97
17/03/2009,7395.7
18/03/2009,7486.58
19/03/2009,7400.8
20/03/2009,7278.38
23/03/2009,7775.86
24/03/2009,7659.97
25/03/2009,7749.81
26/03/2009,7924.56
27/03/2009,7776.18
30/03/2009,7522.02
31/03/2009,7608.92
01/04/2009,7761.6
02/04/2009,7978.08
03/04/2009,8017.59
06/04/2009,7975.85
07/04/2009,7789.56
08/04/2009,7837.11
09/04/2009,8083.38
10/04/2009,8083.38
13/04/2009,8057.81
14/04/2009,7920.18
15/04/2009,8029.62
16/04/2009,8125.43
17/04/2009,8131.33
20/04/2009,7841.73
21/04/2009,7969.56
22/04/2009,7886.57
23/04/2009,7957.06
24/04/2009,8076.29
27/04/2009,8025
28/04/2009,8016.95
29/04/2009,8185.73
30/04/2009,8168.12
01/05/2009,8212.41
04/05/2009,8426.74
05/05/2009,8410.65
06/05/2009,8512.28
07/05/2009,8409.85
08/05/2009,8574.65
11/05/2009,8418.77
12/05/2009,8469.11
13/05/2009,8284.89
14/05/2009,8331.32
15/05/2009,8268.64
18/05/2009,8504.08
19/05/2009,8474.85
20/05/2009,8422.04
21/05/2009,8292.13
22/05/2009,8277.32
25/05/2009,8277.32
26/05/2009,8473.49
27/05/2009,8300.02
28/05/2009,8403.8
29/05/2009,8500.33
01/06/2009,8721.44
02/06/2009,8740.87
03/06/2009,8675.28
04/06/2009,8750.24
05/06/2009,8763.13
08/06/2009,8764.49
09/06/2009,8763.06
10/06/2009,8739.02
11/06/2009,8770.92
12/06/2009,8799.26
15/06/2009,8612.13
16/06/2009,8504.67
17/06/2009,8497.18
18/06/2009,8555.6
19/06/2009,8539.73
22/06/2009,8339.01
23/06/2009,8322.91
24/06/2009,8299.86
25/06/2009,8472.4
26/06/2009,8438.39
29/06/2009,8529.38
30/06/2009,8447
01/07/2009,8504.06
02/07/2009,8280.74
03/07/2009,8280.74
06/07/2009,8324.87
07/07/2009,8163.6
08/07/2009,8178.41
09/07/2009,8183.17
10/07/2009,8146.52
13/07/2009,8331.68
14/07/2009,8359.49
15/07/2009,8616.21
16/07/2009,8711.82
17/07/2009,8743.94
20/07/2009,8848.15
21/07/2009,8915.94
22/07/2009,8881.26
23/07/2009,9069.29
24/07/2009,9093.24
27/07/2009,9108.51
28/07/2009,9096.72
29/07/2009,9070.72
30/07/2009,9154.46
31/07/2009,9171.61
03/08/2009,9286.56
04/08/2009,9320.19
05/08/2009,9280.97
06/08/2009,9256.26
07/08/2009,9370.07
10/08/2009,9337.95
11/08/2009,9241.45
12/08/2009,9361.61
13/08/2009,9398.19
14/08/2009,9321.4
17/08/2009,9135.34
18/08/2009,9217.94
19/08/2009,9279.16
20/08/2009,9350.05
21/08/2009,9505.96
24/08/2009,9509.28
25/08/2009,9539.29
26/08/2009,9543.52
27/08/2009,9580.63
28/08/2009,9544.2
31/08/2009,9496.28
01/09/2009,9310.6
02/09/2009,9280.67
03/09/2009,9344.61
04/09/2009,9441.27
07/09/2009,9441.27
08/09/2009,9497.34
09/09/2009,9547.22
10/09/2009,9627.48
11/09/2009,9605.41
14/09/2009,9626.8
15/09/2009,9683.41
16/09/2009,9791.71
17/09/2009,9783.92
18/09/2009,9820.2
21/09/2009,9778.86
22/09/2009,9829.87
23/09/2009,9748.55
24/09/2009,9707.44
25/09/2009,9665.19
28/09/2009,9789.36
29/09/2009,9742.2
30/09/2009,9712.28
01/10/2009,9509.28
02/10/2009,9487.67
05/10/2009,9599.75
06/10/2009,9731.25
07/10/2009,9725.58
08/10/2009,9786.87
09/10/2009,9864.94
12/10/2009,9885.8
13/10/2009,9871.06
14/10/2009,10015.86
15/10/2009,10062.94
16/10/2009,9995.91
19/10/2009,10092.19
20/10/2009,10041.48
21/10/2009,9949.36
22/10/2009,10081.31
23/10/2009,9972.18
26/10/2009,9867.96
27/10/2009,9882.17
28/10/2009,9762.69
29/10/2009,9962.58
30/10/2009,9712.73
02/11/2009,9789.44
03/11/2009,9771.91
04/11/2009,9802.14
05/11/2009,10005.96
06/11/2009,10023.42
09/11/2009,10226.94
10/11/2009,10246.97
11/11/2009,10291.26
12/11/2009,10197.47
13/11/2009,10270.47
16/11/2009,10406.96
17/11/2009,10437.42
18/11/2009,10426.31
19/11/2009,10332.44
20/11/2009,10318.16
23/11/2009,10450.95
24/11/2009,10433.71
25/11/2009,10464.4
26/11/2009,10464.4
27/11/2009,10309.92
30/11/2009,10344.84
01/12/2009,10471.58
02/12/2009,10452.68
03/12/2009,10366.15
04/12/2009,10388.9
07/12/2009,10390.11
08/12/2009,10285.97
09/12/2009,10337.05
10/12/2009,10405.83
11/12/2009,10471.5
14/12/2009,10501.05
15/12/2009,10452
16/12/2009,10441.12
17/12/2009,10308.26
18/12/2009,10328.89
21/12/2009,10414.14
22/12/2009,10464.93
23/12/2009,10466.44
24/12/2009,10520.1
25/12/2009,10520.1
28/12/2009,10547.08
29/12/2009,10545.41
30/12/2009,10548.51
31/12/2009,10428.05
01/01/2010,10428.05
04/01/2010,10583.96
05/01/2010,10572.02
06/01/2010,10573.68
07/01/2010,10606.86
08/01/2010,10618.19
11/01/2010,10663.99
12/01/2010,10627.26
13/01/2010,10680.77
14/01/2010,10710.55
15/01/2010,10609.65
18/01/2010,10609.65
19/01/2010,10725.43
20/01/2010,10603.15
21/01/2010,10389.88
22/01/2010,10172.98
25/01/2010,10196.86
26/01/2010,10194.29
27/01/2010,10236.16
28/01/2010,10120.46
29/01/2010,10067.33
01/02/2010,10185.53
02/02/2010,10296.85
03/02/2010,10270.55
04/02/2010,10002.18
05/02/2010,10012.23
08/02/2010,9908.39
09/02/2010,10058.64
10/02/2010,10038.38
11/02/2010,10144.19
12/02/2010,10099.14
15/02/2010,10099.14
16/02/2010,10268.81
17/02/2010,10309.24
18/02/2010,10392.9
19/02/2010,10402.35
22/02/2010,10383.38
23/02/2010,10282.41
24/02/2010,10374.16
25/02/2010,10321.03
26/02/2010,10325.26
01/03/2010,10403.79
02/03/2010,10405.98
03/03/2010,10396.76
04/03/2010,10444.14
05/03/2010,10566.2
08/03/2010,10552.52
09/03/2010,10564.38
10/03/2010,10567.33
11/03/2010,10611.84
12/03/2010,10624.69
15/03/2010,10642.15
16/03/2010,10685.98
17/03/2010,10733.67
18/03/2010,10779.17
19/03/2010,10741.98
22/03/2010,10785.89
23/03/2010,10888.83
24/03/2010,10836.15
25/03/2010,10841.21
26/03/2010,10850.36
29/03/2010,10895.86
30/03/2010,10907.42
31/03/2010,10856.63
01/04/2010,10927.07
02/04/2010,10927.07
05/04/2010,10973.55
06/04/2010,10969.99
07/04/2010,10897.52
08/04/2010,10927.07
09/04/2010,10997.35
12/04/2010,11005.97
13/04/2010,11019.42
14/04/2010,11123.11
15/04/2010,11144.57
16/04/2010,11018.66
19/04/2010,11092.05
20/04/2010,11117.06
21/04/2010,11124.92
22/04/2010,11134.29
23/04/2010,11204.28
26/04/2010,11205.03
27/04/2010,10991.99
28/04/2010,11045.27
29/04/2010,11167.32
30/04/2010,11008.61
03/05/2010,11151.83
04/05/2010,10926.77
05/05/2010,10868.12
06/05/2010,10520.32
07/05/2010,10380.43
10/05/2010,10785.14
11/05/2010,10748.26
12/05/2010,10896.91
13/05/2010,10782.95
14/05/2010,10620.16
17/05/2010,10625.83
18/05/2010,10510.95
19/05/2010,10444.37
20/05/2010,10068.01
21/05/2010,10193.39
24/05/2010,10066.57
25/05/2010,10043.75
26/05/2010,9974.45
27/05/2010,10258.99
28/05/2010,10136.63
31/05/2010,10136.63
01/06/2010,10024.02
02/06/2010,10249.54
03/06/2010,10255.28
04/06/2010,9931.97
07/06/2010,9816.49
08/06/2010,9939.98
09/06/2010,9899.25
10/06/2010,10172.53
11/06/2010,10211.07
14/06/2010,10190.89
15/06/2010,10404.77
16/06/2010,10409.46
17/06/2010,10434.17
18/06/2010,10450.64
21/06/2010,10442.41
22/06/2010,10293.52
23/06/2010,10298.44
24/06/2010,10152.8
25/06/2010,10143.81
28/06/2010,10138.52
29/06/2010,9870.3
30/06/2010,9774.02
01/07/2010,9732.53
02/07/2010,9686.48
05/07/2010,9686.48
06/07/2010,9743.62
07/07/2010,10018.28
08/07/2010,10138.99
09/07/2010,10198.03
12/07/2010,10216.27
13/07/2010,10363.02
14/07/2010,10366.72
15/07/2010,10359.31
16/07/2010,10097.9
19/07/2010,10154.43
20/07/2010,10229.96
21/07/2010,10120.53
22/07/2010,10322.3
23/07/2010,10424.62
26/07/2010,10525.43
27/07/2010,10537.69
28/07/2010,10497.88
29/07/2010,10467.16
30/07/2010,10465.94
02/08/2010,10674.38
03/08/2010,10636.38
04/08/2010,10680.43
05/08/2010,10674.98
06/08/2010,10653.56
09/08/2010,10698.75
10/08/2010,10644.25
11/08/2010,10378.83
12/08/2010,10319.95
13/08/2010,10303.15
16/08/2010,10302.01
17/08/2010,10405.85
18/08/2010,10415.54
19/08/2010,10271.21
20/08/2010,10213.62
23/08/2010,10174.41
24/08/2010,10040.45
25/08/2010,10060.06
26/08/2010,9985.81
27/08/2010,10150.65
30/08/2010,10009.73
31/08/2010,10014.72
01/09/2010,10269.47
02/09/2010,10320.1
03/09/2010,10447.93
06/09/2010,10447.93
07/09/2010,10340.69
08/09/2010,10387.01
09/09/2010,10415.24
10/09/2010,10462.77
13/09/2010,10544.13
14/09/2010,10526.49
15/09/2010,10572.73
16/09/2010,10594.83
17/09/2010,10607.85
20/09/2010,10753.62
21/09/2010,10761.03
22/09/2010,10739.31
23/09/2010,10662.42
24/09/2010,10860.26
27/09/2010,10812.04
28/09/2010,10858.14
29/09/2010,10835.28
30/09/2010,10788.05
01/10/2010,10829.68
04/10/2010,10751.27
05/10/2010,10944.72
06/10/2010,10967.65
07/10/2010,10948.58
08/10/2010,11006.48
11/10/2010,11010.34
12/10/2010,11020.4
13/10/2010,11096.08
14/10/2010,11094.57
15/10/2010,11062.78
18/10/2010,11143.69
19/10/2010,10978.62
20/10/2010,11107.97
21/10/2010,11146.57
22/10/2010,11132.56
25/10/2010,11164.05
26/10/2010,11169.46
27/10/2010,11126.28
28/10/2010,11113.95
29/10/2010,11118.49
01/11/2010,11124.62
02/11/2010,11188.72
03/11/2010,11215.13
04/11/2010,11434.84
05/11/2010,11444.08
08/11/2010,11406.84
09/11/2010,11346.75
10/11/2010,11357.04
11/11/2010,11283.1
12/11/2010,11192.58
15/11/2010,11201.97
16/11/2010,11023.5
17/11/2010,11007.88
18/11/2010,11181.23
19/11/2010,11203.55
22/11/2010,11178.58
23/11/2010,11036.37
24/11/2010,11187.28
25/11/2010,11187.28
26/11/2010,11092
29/11/2010,11052.49
30/11/2010,11006.02
01/12/2010,11255.78
02/12/2010,11362.41
03/12/2010,11382.09
06/12/2010,11362.19
07/12/2010,11359.16
08/12/2010,11372.48
09/12/2010,11370.06
10/12/2010,11410.32
13/12/2010,11428.56
14/12/2010,11476.54
15/12/2010,11457.47
16/12/2010,11499.25
17/12/2010,11491.91
20/12/2010,11478.13
21/12/2010,11533.16
22/12/2010,11559.49
23/12/2010,11573.49
24/12/2010,11573.49
27/12/2010,11555.03
28/12/2010,11575.54
29/12/2010,11585.38
30/12/2010,11569.71
31/12/2010,11577.51
03/01/2011,11670.75
04/01/2011,11691.18
05/01/2011,11722.89
06/01/2011,11697.31
07/01/2011,11674.76
10/01/2011,11637.45
11/01/2011,11671.88
12/01/2011,11755.44
13/01/2011,11731.9
14/01/2011,11787.38
17/01/2011,11787.38
18/01/2011,11837.93
19/01/2011,11825.29
20/01/2011,11822.8
21/01/2011,11871.84
24/01/2011,11980.52
25/01/2011,11977.19
26/01/2011,11985.44
27/01/2011,11989.83
28/01/2011,11823.7
31/01/2011,11891.93
01/02/2011,12040.16
02/02/2011,12041.97
03/02/2011,12062.26
04/02/2011,12092.15
07/02/2011,12161.63
08/02/2011,12233.15
09/02/2011,12239.89
10/02/2011,12229.29
11/02/2011,12273.26
14/02/2011,12268.19
15/02/2011,12226.64
16/02/2011,12288.17
17/02/2011,12318.14
18/02/2011,12391.25
21/02/2011,12391.25
22/02/2011,12212.79
23/02/2011,12105.78
24/02/2011,12068.5
25/02/2011,12130.45
28/02/2011,12226.34
01/03/2011,12058.02
02/03/2011,12066.8
03/03/2011,12258.2
04/03/2011,12169.88
07/03/2011,12090.03
08/03/2011,12214.38
09/03/2011,12213.09
10/03/2011,11984.61
11/03/2011,12044.4
14/03/2011,11993.16
15/03/2011,11855.42
16/03/2011,11613.3
17/03/2011,11774.59
18/03/2011,11858.52
21/03/2011,12036.53
22/03/2011,12018.63
23/03/2011,12086.02
24/03/2011,12170.56
25/03/2011,12220.59
28/03/2011,12197.88
29/03/2011,12279.01
30/03/2011,12350.61
31/03/2011,12319.73
01/04/2011,12376.72
04/04/2011,12400.03
05/04/2011,12393.9
06/04/2011,12426.75
07/04/2011,12409.49
08/04/2011,12380.05
11/04/2011,12381.11
12/04/2011,12263.58
13/04/2011,12270.99
14/04/2011,12285.15
15/04/2011,12341.83
18/04/2011,12201.59
19/04/2011,12266.75
20/04/2011,12453.54
21/04/2011,12505.99
22/04/2011,12505.99
25/04/2011,12479.88
26/04/2011,12595.37
27/04/2011,12690.96
28/04/2011,12763.31
29/04/2011,12810.54
02/05/2011,12807.36
03/05/2011,12807.51
04/05/2011,12723.58
05/05/2011,12584.17
06/05/2011,12638.74
09/05/2011,12684.68
10/05/2011,12760.36
11/05/2011,12630.03
12/05/2011,12695.92
13/05/2011,12595.75
16/05/2011,12548.37
17/05/2011,12479.58
18/05/2011,12560.18
19/05/2011,12605.32
20/05/2011,12512.04
23/05/2011,12381.26
24/05/2011,12356.21
25/05/2011,12394.66
26/05/2011,12402.76
27/05/2011,12441.58
30/05/2011,12441.58
31/05/2011,12569.79
01/06/2011,12290.14
02/06/2011,12248.55
03/06/2011,12151.26
06/06/2011,12089.96
07/06/2011,12070.81
08/06/2011,12048.94
09/06/2011,12124.36
10/06/2011,11951.91
13/06/2011,11952.97
14/06/2011,12076.11
15/06/2011,11897.27
16/06/2011,11961.52
17/06/2011,12004.36
20/06/2011,12080.38
21/06/2011,12190.01
22/06/2011,12109.67
23/06/2011,12050
24/06/2011,11934.58
27/06/2011,12043.56
28/06/2011,12188.69
29/06/2011,12261.42
30/06/2011,12414.34
01/07/2011,12582.77
04/07/2011,12582.77
05/07/2011,12569.87
06/07/2011,12626.02
07/07/2011,12719.49
08/07/2011,12657.2
11/07/2011,12505.76
12/07/2011,12446.88
13/07/2011,12491.61
14/07/2011,12437.12
15/07/2011,12479.73
18/07/2011,12385.16
19/07/2011,12587.42
20/07/2011,12571.91
21/07/2011,12724.41
22/07/2011,12681.16
25/07/2011,12592.8
26/07/2011,12501.3
27/07/2011,12302.55
28/07/2011,12240.11
29/07/2011,12143.24
01/08/2011,12132.49
02/08/2011,11866.62
03/08/2011,11896.44
04/08/2011,11383.68
05/08/2011,11444.61
08/08/2011,10809.85
09/08/2011,11239.77
10/08/2011,10719.94
11/08/2011,11143.31
12/08/2011,11269.02
15/08/2011,11482.9
16/08/2011,11405.93
17/08/2011,11410.21
18/08/2011,10990.58
19/08/2011,10817.65
22/08/2011,10854.65
23/08/2011,11176.76
24/08/2011,11320.71
25/08/2011,11149.82
26/08/2011,11284.54
29/08/2011,11539.25
30/08/2011,11559.95
31/08/2011,11613.53
01/09/2011,11493.57
02/09/2011,11240.26
05/09/2011,11240.26
06/09/2011,11139.3
07/09/2011,11414.86
08/09/2011,11295.81
09/09/2011,10992.13
12/09/2011,11061.12
13/09/2011,11105.85
14/09/2011,11246.73
15/09/2011,11433.18
16/09/2011,11509.09
19/09/2011,11401.01
20/09/2011,11408.66
21/09/2011,11124.84
22/09/2011,10733.83
23/09/2011,10771.48
26/09/2011,11043.86
27/09/2011,11190.69
28/09/2011,11010.9
29/09/2011,11153.98
30/09/2011,10913.38
03/10/2011,10655.3
04/10/2011,10808.71
05/10/2011,10939.95
06/10/2011,11123.33
07/10/2011,11103.12
10/10/2011,11433.18
11/10/2011,11416.3
12/10/2011,11518.85
13/10/2011,11478.13
14/10/2011,11644.49
17/10/2011,11397
18/10/2011,11577.05
19/10/2011,11504.62
20/10/2011,11541.78
21/10/2011,11808.79
24/10/2011,11913.62
25/10/2011,11706.62
26/10/2011,11869.04
27/10/2011,12208.55
28/10/2011,12231.11
31/10/2011,11955.01
01/11/2011,11657.96
02/11/2011,11836.04
03/11/2011,12044.47
04/11/2011,11983.24
07/11/2011,12068.39
08/11/2011,12170.18
09/11/2011,11780.94
10/11/2011,11893.79
11/11/2011,12153.68
14/11/2011,12078.98
15/11/2011,12096.16
16/11/2011,11905.59
17/11/2011,11770.73
18/11/2011,11796.16
21/11/2011,11547.31
22/11/2011,11493.72
23/11/2011,11257.55
24/11/2011,11257.55
25/11/2011,11231.78
28/11/2011,11523.01
29/11/2011,11555.63
30/11/2011,12045.68
01/12/2011,12020.03
02/12/2011,12019.42
05/12/2011,12097.83
06/12/2011,12150.13
07/12/2011,12196.37
08/12/2011,11997.7
09/12/2011,12184.26
12/12/2011,12021.39
13/12/2011,11954.94
14/12/2011,11823.48
15/12/2011,11868.81
16/12/2011,11866.39
19/12/2011,11766.26
20/12/2011,12103.58
21/12/2011,12107.74
22/12/2011,12169.65
23/12/2011,12294
26/12/2011,12294
27/12/2011,12291.35
28/12/2011,12151.41
29/12/2011,12287.04
30/12/2011,12217.56
02/01/2012,12217.56
03/01/2012,12397.38
04/01/2012,12418.42
05/01/2012,12415.7
06/01/2012,12359.92
09/01/2012,12392.69
10/01/2012,12462.47
11/01/2012,12449.45
12/01/2012,12471.02
13/01/2012,12422.06
16/01/2012,12422.06
17/01/2012,12482.07
18/01/2012,12578.95
19/01/2012,12623.98
20/01/2012,12720.48
23/01/2012,12708.82
24/01/2012,12675.75
25/01/2012,12756.96
26/01/2012,12734.63
27/01/2012,12660.46
30/01/2012,12653.72
31/01/2012,12632.91
01/02/2012,12716.46
02/02/2012,12705.41
03/02/2012,12862.23
06/02/2012,12845.13
07/02/2012,12878.2
08/02/2012,12883.95
09/02/2012,12890.46
10/02/2012,12801.23
13/02/2012,12874.04
14/02/2012,12878.28
15/02/2012,12780.95
16/02/2012,12904.08
17/02/2012,12949.87
20/02/2012,12949.87
21/02/2012,12965.69
22/02/2012,12938.67
23/02/2012,12984.69
24/02/2012,12982.95
27/02/2012,12981.51
28/02/2012,13005.12
29/02/2012,12952.07
01/03/2012,12980.3
02/03/2012,12977.57
05/03/2012,12962.81
06/03/2012,12759.15
07/03/2012,12837.33
08/03/2012,12907.94
09/03/2012,12922.02
12/03/2012,12959.71
13/03/2012,13177.68
14/03/2012,13194.1
15/03/2012,13252.76
16/03/2012,13232.62
19/03/2012,13239.13
20/03/2012,13170.19
21/03/2012,13124.62
22/03/2012,13046.14
23/03/2012,13080.73
26/03/2012,13241.63
27/03/2012,13197.73
28/03/2012,13126.21
29/03/2012,13145.82
30/03/2012,13212.04
02/04/2012,13264.49
03/04/2012,13199.55
04/04/2012,13074.75
05/04/2012,13060.14
06/04/2012,13060.14
09/04/2012,12929.59
10/04/2012,12715.93
11/04/2012,12805.39
12/04/2012,12986.58
13/04/2012,12849.59
16/04/2012,12921.41
17/04/2012,13115.54
18/04/2012,13032.75
19/04/2012,12964.1
20/04/2012,13029.26
23/04/2012,12927.17
24/04/2012,13001.56
25/04/2012,13090.72
26/04/2012,13204.62
27/04/2012,13228.31
30/04/2012,13213.63
01/05/2012,13279.32
02/05/2012,13268.57
03/05/2012,13206.59
04/05/2012,13038.27
07/05/2012,13008.53
08/05/2012,12932.09
09/05/2012,12835.06
10/05/2012,12855.04
11/05/2012,12820.6
14/05/2012,12695.35
15/05/2012,12632
16/05/2012,12598.55
17/05/2012,12442.49
18/05/2012,12369.38
21/05/2012,12504.48
22/05/2012,12502.81
23/05/2012,12496.15
24/05/2012,12529.75
25/05/2012,12454.83
28/05/2012,12454.83
29/05/2012,12580.69
30/05/2012,12419.86
31/05/2012,12393.45
01/06/2012,12118.57
04/06/2012,12101.46
05/06/2012,12127.95
06/06/2012,12414.79
07/06/2012,12460.96
08/06/2012,12554.2
11/06/2012,12411.23
12/06/2012,12573.8
13/06/2012,12496.38
14/06/2012,12651.91
15/06/2012,12767.17
18/06/2012,12741.82
19/06/2012,12837.33
20/06/2012,12824.39
21/06/2012,12573.57
22/06/2012,12640.78
25/06/2012,12502.66
26/06/2012,12534.67
27/06/2012,12627.01
28/06/2012,12602.26
29/06/2012,12880.09
02/07/2012,12871.39
03/07/2012,12943.82
04/07/2012,12943.82
05/07/2012,12896.67
06/07/2012,12772.47
09/07/2012,12736.29
10/07/2012,12653.12
11/07/2012,12604.53
12/07/2012,12573.27
13/07/2012,12777.09
16/07/2012,12727.21
17/07/2012,12805.54
18/07/2012,12908.7
19/07/2012,12943.36
20/07/2012,12822.57
23/07/2012,12721.46
24/07/2012,12617.32
25/07/2012,12676.05
26/07/2012,12887.93
27/07/2012,13075.66
30/07/2012,13073.01
31/07/2012,13008.68
01/08/2012,12971.06
02/08/2012,12878.88
03/08/2012,13096.17
06/08/2012,13117.51
07/08/2012,13168.6
08/08/2012,13175.64
09/08/2012,13165.19
10/08/2012,13207.95
13/08/2012,13169.43
14/08/2012,13172.14
15/08/2012,13164.78
16/08/2012,13250.11
17/08/2012,13275.2
20/08/2012,13271.64
21/08/2012,13203.58
22/08/2012,13172.76
23/08/2012,13057.46
24/08/2012,13157.97
27/08/2012,13124.67
28/08/2012,13102.99
29/08/2012,13107.48
30/08/2012,13000.71
31/08/2012,13090.84
03/09/2012,13090.84
04/09/2012,13035.94
05/09/2012,13047.48
06/09/2012,13292
07/09/2012,13306.64
10/09/2012,13254.29
11/09/2012,13323.36
12/09/2012,13333.35
13/09/2012,13539.86
14/09/2012,13593.37
17/09/2012,13553.1
18/09/2012,13564.64
19/09/2012,13577.96
20/09/2012,13596.93
21/09/2012,13579.47
24/09/2012,13558.92
25/09/2012,13457.55
26/09/2012,13413.51
27/09/2012,13485.97
28/09/2012,13437.13
01/10/2012,13515.11
02/10/2012,13482.36
03/10/2012,13494.61
04/10/2012,13575.36
05/10/2012,13610.15
08/10/2012,13583.65
09/10/2012,13473.53
10/10/2012,13344.97
11/10/2012,13326.39
12/10/2012,13328.85
15/10/2012,13424.23
16/10/2012,13551.78
17/10/2012,13557
18/10/2012,13548.94
19/10/2012,13343.51
22/10/2012,13345.89
23/10/2012,13102.53
24/10/2012,13077.34
25/10/2012,13103.68
26/10/2012,13107.21
29/10/2012,13107.21
30/10/2012,13107.21
31/10/2012,13096.46
01/11/2012,13232.62
02/11/2012,13093.16
05/11/2012,13112.44
06/11/2012,13245.68
07/11/2012,12932.73
08/11/2012,12811.32
09/11/2012,12815.39
12/11/2012,12815.08
13/11/2012,12756.18
14/11/2012,12570.95
15/11/2012,12542.38
16/11/2012,12588.31
19/11/2012,12795.96
20/11/2012,12788.51
21/11/2012,12836.89
22/11/2012,12836.89
23/11/2012,13009.68
26/11/2012,12967.37
27/11/2012,12878.13
28/11/2012,12985.11
29/11/2012,13021.82
30/11/2012,13025.58
03/12/2012,12965.6
04/12/2012,12951.78
05/12/2012,13034.49
06/12/2012,13074.04
07/12/2012,13155.13
10/12/2012,13169.88
11/12/2012,13248.44
12/12/2012,13245.45
13/12/2012,13170.72
14/12/2012,13135.01
17/12/2012,13235.39
18/12/2012,13350.96
19/12/2012,13251.97
20/12/2012,13311.72
21/12/2012,13190.84
24/12/2012,13139.08
25/12/2012,13139.08
26/12/2012,13114.59
27/12/2012,13096.31
28/12/2012,12938.11
31/12/2012,13104.14
01/01/2013,13104.14
02/01/2013,13412.55
03/01/2013,13391.36
04/01/2013,13435.21
07/01/2013,13384.29
08/01/2013,13328.85
09/01/2013,13390.51
10/01/2013,13471.22
11/01/2013,13488.43
14/01/2013,13507.32
15/01/2013,13534.89
16/01/2013,13511.23
17/01/2013,13596.02
18/01/2013,13649.7
21/01/2013,13649.7
22/01/2013,13712.21
23/01/2013,13779.33
24/01/2013,13825.33
25/01/2013,13895.98
28/01/2013,13881.93
29/01/2013,13954.42
30/01/2013,13910.42
31/01/2013,13860.58
01/02/2013,14009.79
04/02/2013,13880.08
05/02/2013,13979.3
06/02/2013,13986.52
07/02/2013,13944.05
08/02/2013,13992.97
11/02/2013,13971.24
12/02/2013,14018.7
13/02/2013,13982.91
14/02/2013,13973.39
15/02/2013,13981.76
18/02/2013,13981.76
19/02/2013,14035.67
20/02/2013,13927.54
21/02/2013,13880.62
22/02/2013,14000.57
25/02/2013,13784.17
26/02/2013,13900.13
27/02/2013,14075.37
28/02/2013,14054.49
01/03/2013,14089.66
04/03/2013,14127.82
05/03/2013,14253.77
06/03/2013,14296.24
07/03/2013,14329.49
08/03/2013,14397.07
11/03/2013,14447.29
12/03/2013,14450.06
13/03/2013,14455.28
14/03/2013,14539.14
15/03/2013,14514.11
18/03/2013,14452.06
19/03/2013,14455.82
20/03/2013,14511.73
21/03/2013,14421.49
22/03/2013,14512.03
25/03/2013,14447.75
26/03/2013,14559.65
27/03/2013,14526.16
28/03/2013,14578.54
29/03/2013,14578.54
01/04/2013,14572.85
02/04/2013,14662.01
03/04/2013,14550.35
04/04/2013,14606.11
05/04/2013,14565.25
08/04/2013,14613.48
09/04/2013,14673.46
10/04/2013,14802.24
11/04/2013,14865.14
12/04/2013,14865.06
15/04/2013,14599.2
16/04/2013,14756.78
17/04/2013,14618.59
18/04/2013,14537.14
19/04/2013,14547.51
22/04/2013,14567.17
23/04/2013,14719.46
24/04/2013,14676.3
25/04/2013,14700.8
26/04/2013,14712.55
29/04/2013,14818.75
30/04/2013,14839.8
