10Y,7Y,5Y,3Y,2Y,1Y
4.07,3.62,3.05,2.22,1.8,1.42
4.05,3.6,3.03,2.2,1.79,1.41
4.09,3.64,3.1,2.26,1.84,1.44
4.04,3.6,3.04,2.19,1.77,1.4
4,3.56,3.01,2.14,1.71,1.36
4.19,3.77,3.23,2.33,1.87,1.44
4.16,3.74,3.2,2.26,1.79,1.39
4.15,3.72,3.17,2.27,1.81,1.41
4.1,3.66,3.1,2.21,1.76,1.4
4.1,3.65,3.1,2.21,1.75,1.37
4.1,3.65,3.11,2.21,1.75,1.37
4.05,3.6,3.05,2.15,1.7,1.34
NA,NA,NA,NA,NA,NA
4.01,3.55,3,2.11,1.67,1.33
3.95,3.49,2.94,2.09,1.66,1.31
3.98,3.52,2.97,2.12,1.69,1.33
3.94,3.48,2.93,2.08,1.66,1.31
3.98,3.53,2.97,2.13,1.7,1.31
4,3.54,2.99,2.13,1.7,1.34
4.06,3.61,3.07,2.21,1.77,1.36
4,3.56,3.02,2.15,1.7,1.3
4,3.55,3.02,2.16,1.72,1.31
4.01,3.58,3.05,2.17,1.72,1.34
3.96,3.53,2.99,2.12,1.68,1.33
4.02,3.6,3.07,2.18,1.73,1.34
3.97,3.55,3.02,2.13,1.68,1.32
3.96,3.51,2.97,2.08,1.63,1.28
3.99,3.57,3.03,2.13,1.68,1.33
3.98,3.55,3,2.1,1.65,1.3
3.93,3.48,2.92,2.05,1.62,1.29
3.89,3.42,2.85,1.99,1.57,1.27
3.95,3.48,2.91,2.05,1.62,1.3
NA,NA,NA,NA,NA,NA
3.94,3.48,2.92,2.08,1.66,1.31
3.88,3.41,2.87,2.03,1.61,1.29
3.85,3.38,2.82,2,1.59,1.29
3.9,3.42,2.86,2.04,1.63,1.31
3.86,3.38,2.82,2,1.6,1.28
3.81,3.34,2.77,1.98,1.58,1.27
3.78,3.3,2.75,1.96,1.57,1.27
3.76,3.29,2.75,1.96,1.58,1.27
3.71,3.24,2.69,1.91,1.53,1.24
3.68,3.21,2.66,1.89,1.52,1.26
3.65,3.17,2.62,1.85,1.49,1.24
3.63,3.14,2.58,1.82,1.46,1.22
3.67,3.18,2.63,1.85,1.47,1.22
3.63,3.14,2.56,1.77,1.39,1.15
3.59,3.08,2.51,1.73,1.35,1.09
3.6,3.11,2.54,1.76,1.38,1.12
3.6,3.13,2.57,1.82,1.45,1.14
3.74,3.31,2.75,1.98,1.59,1.24
3.72,3.27,2.72,1.95,1.56,1.22
3.82,3.37,2.82,2.03,1.63,1.24
3.91,3.46,2.93,2.12,1.72,1.35
3.98,3.53,2.98,2.14,1.72,1.32
4.01,3.56,3.02,2.18,1.75,1.34
4.11,3.67,3.12,2.25,1.8,1.36
3.98,3.55,2.98,2.14,1.71,1.32
3.97,3.54,2.97,2.12,1.69,1.28
3.96,3.52,2.94,2.11,1.68,1.27
3.95,3.5,2.92,2.05,1.62,1.25
3.92,3.45,2.86,1.99,1.56,1.22
3.83,3.35,2.78,1.93,1.51,1.19
3.84,3.35,2.78,1.92,1.5,1.16
3.94,3.48,2.89,2.03,1.6,1.22
3.93,3.45,2.87,1.99,1.55,1.18
3.96,3.48,2.88,2,1.55,1.18
4.03,3.55,2.99,2.1,1.65,1.25
3.95,3.47,2.91,2.03,1.59,1.21
3.93,3.44,2.87,1.99,1.55,1.22
3.95,3.46,2.89,2.03,1.6,1.25
4,3.49,2.95,2.09,1.65,1.3
4.04,3.55,3.02,2.17,1.74,1.33
3.98,3.49,2.96,2.12,1.69,1.32
3.96,3.48,2.95,2.1,1.67,1.31
3.98,3.5,2.99,2.15,1.71,1.34
NA,NA,NA,NA,NA,NA
4,3.54,3.03,2.16,1.71,1.35
4.01,3.53,3.01,2.14,1.7,1.34
4.02,3.54,3.02,2.14,1.7,1.33
3.93,3.45,2.92,2.05,1.62,1.28
3.91,3.42,2.88,2,1.57,1.26
3.92,3.43,2.9,2.02,1.59,1.28
3.96,3.47,2.94,2.06,1.62,1.28
3.89,3.39,2.85,1.95,1.51,1.22
3.88,3.37,2.82,1.93,1.5,1.21
3.94,3.45,2.9,2,1.56,1.27
3.92,3.41,2.87,1.98,1.55,1.27
3.84,3.31,2.76,1.87,1.45,1.19
3.72,3.19,2.64,1.83,1.45,1.21
3.7,3.17,2.62,1.82,1.49,1.24
3.69,3.17,2.61,1.81,1.45,1.22
3.64,3.12,2.58,1.81,1.46,1.22
3.63,3.12,2.58,1.82,1.47,1.23
3.53,3.02,2.47,1.72,1.41,1.2
3.53,3.07,2.52,1.78,1.46,1.21
3.46,3,2.43,1.69,1.38,1.15
3.46,2.98,2.41,1.66,1.35,1.14
3.38,2.89,2.34,1.62,1.31,1.1
3.39,2.91,2.37,1.67,1.38,1.15
3.34,2.87,2.32,1.65,1.36,1.14
3.34,2.87,2.33,1.65,1.38,1.14
NA,NA,NA,NA,NA,NA
3.41,2.93,2.34,1.63,1.33,1.13
3.44,2.94,2.35,1.62,1.35,1.15
3.34,2.84,2.27,1.56,1.3,1.11
3.37,2.87,2.3,1.58,1.33,1.13
3.43,2.94,2.37,1.61,1.33,1.15
3.34,2.82,2.25,1.51,1.2,1.07
3.3,2.78,2.19,1.46,1.2,1.04
3.34,2.83,2.25,1.52,1.25,1.07
3.37,2.87,2.29,1.53,1.27,1.08
3.29,2.79,2.2,1.45,1.19,1.04
3.2,2.69,2.12,1.38,1.13,0.98
3.21,2.72,2.16,1.42,1.16,1
3.18,2.68,2.1,1.38,1.13,0.95
3.13,2.63,2.08,1.34,1.1,0.9
3.18,2.71,2.14,1.44,1.18,0.95
3.27,2.81,2.26,1.53,1.25,1
3.37,2.9,2.34,1.59,1.27,0.96
3.35,2.87,2.28,1.5,1.17,0.88
3.4,2.9,2.31,1.55,1.22,0.94
3.32,2.82,2.24,1.47,1.17,0.94
3.29,2.78,2.21,1.44,1.14,0.91
3.38,2.9,2.32,1.57,1.3,1.05
3.55,3.07,2.49,1.73,1.41,1.11
3.58,3.09,2.52,1.72,1.38,1.09
3.54,3.03,2.46,1.66,1.32,1.09
3.56,3.06,2.48,1.66,1.3,1.07
3.56,3.05,2.47,1.65,1.3,1.06
3.67,3.15,2.55,1.69,1.32,1.07
NA,NA,NA,NA,NA,NA
3.74,3.22,2.63,1.76,1.36,1.08
3.75,3.23,2.65,1.79,1.39,1.09
3.73,3.21,2.63,1.77,1.37,1.09
3.7,3.17,2.59,1.72,1.33,1.07
3.66,3.12,2.52,1.67,1.29,1.06
3.74,3.2,2.6,1.74,1.35,1.07
3.94,3.4,2.81,1.89,1.45,1.1
3.97,3.44,2.87,1.94,1.49,1.12
3.98,3.45,2.88,1.93,1.47,1.11
4,3.49,2.93,1.98,1.51,1.12
4.19,3.67,3.1,2.11,1.61,1.17
4.17,3.64,3.07,2.1,1.57,1.12
4.12,3.6,3.04,2.04,1.54,1.11
4.2,3.66,3.08,2.05,1.54,1.13
4.22,3.69,3.1,2.06,1.52,1.13
4.31,3.79,3.21,2.17,1.61,1.17
4.42,3.9,3.33,2.26,1.67,1.17
4.34,3.85,3.27,2.21,1.64,1.17
4.49,3.98,3.38,2.33,1.8,1.28
4.44,4.01,3.37,2.38,1.85,1.31
4.35,3.86,3.24,2.24,1.71,1.24
4.47,3.98,3.37,2.44,1.88,1.32
4.32,3.82,3.25,2.36,1.78,1.28
4.3,3.78,3.19,2.3,1.74,1.26
4.27,3.76,3.17,2.27,1.72,1.22
4.38,3.86,3.26,2.35,1.81,1.3
4.37,3.85,3.23,2.29,1.71,1.25
4.58,4.06,3.43,2.47,1.86,1.31
4.55,4.05,3.42,2.47,1.86,1.31
4.55,4.04,3.42,2.47,1.85,1.3
4.49,3.99,3.37,2.46,1.87,1.33
4.38,3.89,3.27,2.37,1.81,1.29
4.45,3.96,3.35,2.43,1.84,1.3
4.53,4.07,3.51,2.56,1.98,1.37
4.48,4.03,3.47,2.54,1.97,1.35
4.53,4.08,3.52,2.59,2.02,1.35
4.5,4.05,3.5,2.55,1.96,1.32
4.54,4.11,3.55,2.61,2.05,1.38
4.42,3.96,3.42,2.48,1.93,1.34
4.45,4,3.46,2.51,1.95,1.35
NA,NA,NA,NA,NA,NA
4.61,4.17,3.63,2.62,2.04,1.39
4.6,4.15,3.61,2.62,2.02,1.36
4.52,4.04,3.5,2.51,1.91,1.33
4.35,3.83,3.28,2.28,1.72,1.24
4.41,3.88,3.32,2.33,1.75,1.27
4.37,3.85,3.28,2.29,1.71,1.23
4.28,3.73,3.18,2.19,1.64,1.2
4.35,3.79,3.24,2.27,1.71,1.22
4.27,3.72,3.15,2.19,1.66,1.2
4.28,3.71,3.12,2.17,1.63,1.2
4.29,3.72,3.12,2.16,1.63,1.22
4.2,3.64,3.06,2.13,1.63,1.19
4.19,3.66,3.09,2.16,1.68,1.23
4.17,3.66,3.11,2.2,1.7,1.23
4.26,3.73,3.16,2.21,1.7,1.24
4.24,3.7,3.13,2.2,1.68,1.24
4.16,3.62,3.07,2.15,1.66,1.22
4.12,3.59,3.05,2.14,1.65,1.21
4.04,3.49,2.95,2.06,1.6,1.21
4.09,3.54,2.98,2.07,1.61,1.21
3.96,3.41,2.85,1.95,1.5,1.15
3.96,3.4,2.84,1.93,1.47,1.13
4.03,3.48,2.9,1.96,1.48,1.14
4.21,3.69,3.12,2.17,1.65,1.2
4.17,3.63,3.06,2.11,1.6,1.15
4.27,3.73,3.15,2.19,1.67,1.21
4.27,3.72,3.14,2.17,1.65,1.21
4.32,3.77,3.17,2.2,1.69,1.22
4.29,3.72,3.15,2.18,1.65,1.21
NA,NA,NA,NA,NA,NA
4.37,3.82,3.23,2.25,1.73,1.23
4.43,3.88,3.3,2.32,1.79,1.27
4.47,3.97,3.4,2.47,1.96,1.34
4.41,3.9,3.33,2.41,1.9,1.31
4.41,3.89,3.33,2.42,1.88,1.32
4.38,3.86,3.31,2.41,1.89,1.32
4.29,3.77,3.21,2.33,1.8,1.28
4.34,3.81,3.24,2.37,1.84,1.3
4.24,3.68,3.13,2.26,1.76,1.27
4.3,3.75,3.21,2.35,1.83,1.31
4.23,3.67,3.11,2.23,1.71,1.25
4.31,3.76,3.2,2.32,1.79,1.29
4.36,3.83,3.29,2.39,1.86,1.32
4.33,3.8,3.27,2.36,1.85,1.31
4.4,3.88,3.34,2.44,1.9,1.33
4.33,3.81,3.28,2.4,1.86,1.31
4.38,3.88,3.35,2.46,1.94,1.35
4.45,3.96,3.43,2.55,2.01,1.38
4.48,3.99,3.47,2.6,2.04,1.4
4.49,4,3.49,2.63,2.06,1.39
NA,NA,NA,NA,NA,NA
4.44,3.95,3.45,2.59,2.05,1.39
4.3,3.79,3.29,2.45,1.92,1.33
4.22,3.7,3.19,2.36,1.84,1.31
4.18,3.68,3.14,2.31,1.8,1.29
4.17,3.66,3.14,2.32,1.83,1.3
4.24,3.75,3.22,2.42,1.9,1.32
4.16,3.67,3.14,2.35,1.83,1.28
4.15,3.67,3.15,2.35,1.84,1.29
4.23,3.76,3.24,2.44,1.94,1.33
4.19,3.72,3.2,2.4,1.89,1.32
4.25,3.79,3.27,2.48,1.97,1.35
NA,NA,NA,NA,NA,NA
4.34,3.89,3.38,2.56,2.06,1.39
4.4,3.98,3.46,2.64,2.12,1.41
4.38,3.95,3.43,2.6,2.07,1.38
4.41,3.98,3.46,2.63,2.09,1.39
4.38,3.93,3.42,2.61,2.06,1.38
4.23,3.76,3.23,2.42,1.88,1.3
4.29,3.81,3.28,2.48,1.94,1.33
4.32,3.85,3.33,2.51,1.97,1.35
4.3,3.82,3.28,2.48,1.94,1.33
4.27,3.76,3.21,2.37,1.83,1.27
4.26,3.75,3.23,2.4,1.84,1.28
4.28,3.79,3.26,2.41,1.88,1.3
4.24,3.74,3.21,2.37,1.83,1.28
4.19,3.7,3.18,2.37,1.83,1.26
4.16,3.67,3.17,2.38,1.85,1.24
4.15,3.67,3.16,2.35,1.82,1.25
4.18,3.7,3.19,2.37,1.84,1.27
4.28,3.81,3.3,2.47,1.96,1.31
4.2,3.72,3.2,2.36,1.83,1.28
NA,NA,NA,NA,NA,NA
4.17,3.67,3.17,2.33,1.82,1.27
4.24,3.76,3.23,2.37,1.86,1.31
4.29,3.8,3.26,2.39,1.86,1.28
4.27,3.77,3.25,2.37,1.84,1.26
NA,NA,NA,NA,NA,NA
4.38,3.9,3.36,2.47,1.94,1.31
4.41,3.92,3.39,2.51,1.95,1.35
4.29,3.8,3.26,2.38,1.84,1.3
4.27,3.76,3.25,2.36,1.84,1.29
4.27,3.76,3.24,2.37,1.85,1.29
4.11,3.58,3.05,2.17,1.68,1.21
4.11,3.58,3.04,2.18,1.68,1.21
4.05,3.51,2.98,2.12,1.63,1.18
4.01,3.49,2.96,2.13,1.65,1.19
3.99,3.48,2.97,2.16,1.67,1.18
4.04,3.54,3.03,2.19,1.7,1.21
NA,NA,NA,NA,NA,NA
4.08,3.58,3.05,2.21,1.69,1.21
4.05,3.55,3.02,2.2,1.69,1.19
3.99,3.49,2.96,2.14,1.66,1.19
4.09,3.59,3.06,2.22,1.71,1.21
4.16,3.66,3.13,2.27,1.75,1.23
4.11,3.6,3.07,2.21,1.7,1.21
4.22,3.72,3.22,2.39,1.87,1.26
4.22,3.74,3.22,2.39,1.88,1.29
4.16,3.68,3.17,2.35,1.84,1.28
4.18,3.7,3.18,2.36,1.83,1.29
4.13,3.65,3.12,2.3,1.78,1.27
4.15,3.67,3.15,2.32,1.8,1.27
4.2,3.72,3.21,2.4,1.85,1.29
4.12,3.63,3.12,2.29,1.77,1.26
4.09,3.6,3.08,2.26,1.76,1.25
4.13,3.64,3.13,2.33,1.82,1.27
4.05,3.56,3.03,2.23,1.73,1.23
4.1,3.58,3.07,2.26,1.75,1.24
4.05,3.54,3.01,2.19,1.7,1.21
NA,NA,NA,NA,NA,NA
4.05,3.54,3.02,2.2,1.7,1.21
4.05,3.55,3.03,2.22,1.72,1.23
4.05,3.54,3.02,2.2,1.7,1.23
4.1,3.59,3.08,2.25,1.75,1.26
4.05,3.55,3.03,2.21,1.69,1.22
4.04,3.53,3.01,2.2,1.69,1.23
4.02,3.51,2.98,2.16,1.67,1.23
4.05,3.54,3.01,2.18,1.69,1.23
3.99,3.48,3.01,2.13,1.66,1.21
4,3.49,2.98,2.15,1.67,1.23
4.05,3.55,3.04,2.21,1.74,1.26
4.07,3.57,3.06,2.23,1.74,1.26
4.04,3.53,3.02,2.21,1.73,1.25
3.85,3.32,2.81,2.02,1.57,1.16
3.78,3.26,2.74,1.95,1.52,1.15
3.73,3.2,2.68,1.92,1.51,1.15
3.74,3.21,2.71,1.94,1.54,1.17
3.74,3.23,2.72,1.95,1.52,1.15
3.78,3.24,2.73,1.95,1.54,1.18
3.78,3.25,2.74,1.97,1.56,1.18
3.7,3.17,2.65,1.89,1.51,1.17
3.71,3.18,2.66,1.92,1.53,1.18
3.76,3.25,2.72,1.96,1.55,1.17
3.8,3.28,2.75,1.97,1.56,1.19
3.74,3.22,2.69,1.93,1.52,1.17
3.73,3.21,2.69,1.92,1.52,1.17
3.73,3.21,2.68,1.91,1.5,1.16
3.75,3.23,2.7,1.91,1.51,1.15
3.85,3.33,2.81,2,1.59,1.19
3.91,3.39,2.86,2.05,1.63,1.21
3.91,3.39,2.86,2.05,1.63,1.21
3.86,3.33,2.8,1.99,1.6,1.2
3.91,3.38,2.87,2.06,1.65,1.23
4.15,3.66,3.15,2.33,1.86,1.3
4.24,3.76,3.24,2.4,1.91,1.34
4.19,3.7,3.19,2.35,1.86,1.31
4.19,3.71,3.19,2.36,1.87,1.31
4.21,3.73,3.22,2.37,1.88,1.32
NA,NA,NA,NA,NA,NA
4.25,3.78,3.26,2.41,1.91,1.34
4.35,3.89,3.37,2.52,2.01,1.39
4.4,3.95,3.44,2.6,2.13,1.48
4.42,3.96,3.45,2.59,2.1,1.46
4.37,3.9,3.39,2.53,2.03,1.4
4.39,3.93,3.42,2.58,2.07,1.43
4.43,3.97,3.45,2.62,2.11,1.46
4.45,4.01,3.52,2.71,2.22,1.52
4.4,3.95,3.46,2.64,2.15,1.49
4.48,4.07,3.58,2.78,2.29,1.59
4.46,4.05,3.57,2.78,2.28,1.57
4.43,4.01,3.52,2.74,2.21,1.53
4.5,4.08,3.6,2.82,2.3,1.54
4.55,4.14,3.66,2.88,2.34,1.55
4.53,4.11,3.63,2.86,2.31,1.55
4.53,4.11,3.63,2.86,2.34,1.6
4.56,4.15,3.66,2.88,2.32,1.57
4.61,4.18,3.71,2.91,2.34,1.56
4.63,4.2,3.72,2.94,2.39,1.61
4.79,4.41,3.96,3.19,2.64,1.83
4.81,4.41,3.95,3.18,2.61,1.85
4.79,4.39,3.94,3.19,2.61,1.83
4.83,4.41,3.96,3.19,2.62,1.81
4.85,4.46,4.01,3.24,2.67,1.84
4.79,4.39,3.92,3.16,2.59,1.81
4.7,4.29,3.83,3.07,2.51,1.8
4.74,4.34,3.87,3.13,2.58,1.83
4.79,4.39,3.93,3.18,2.61,1.85
4.72,4.33,3.86,3.12,2.55,1.81
4.76,4.37,3.91,3.18,2.6,1.84
4.75,4.36,3.9,3.17,2.59,1.86
4.73,4.34,3.89,3.16,2.58,1.84
4.67,4.27,3.81,3.08,2.52,1.81
4.6,4.2,3.74,3.02,2.46,1.77
4.66,4.26,3.81,3.1,2.54,1.83
NA,NA,NA,NA,NA,NA
4.71,4.31,3.86,3.14,2.6,1.89
4.74,4.35,3.91,3.19,2.65,1.92
4.71,4.34,3.89,3.17,2.63,1.91
4.78,4.41,3.97,3.25,2.7,1.97
4.78,4.39,3.95,3.22,2.67,1.96
4.78,4.4,3.96,3.24,2.73,2.02
4.82,4.44,4.01,3.31,2.79,2.14
4.81,4.43,4,3.32,2.81,2.14
NA,NA,NA,NA,NA,NA
4.89,4.51,4.1,3.45,2.97,2.25
4.69,4.31,3.9,3.26,2.77,2.16
4.74,4.36,3.96,3.31,2.84,2.24
4.71,4.33,3.93,3.28,2.81,2.21
4.72,4.34,3.94,3.28,2.81,2.24
4.7,4.33,3.91,3.26,2.8,2.17
4.72,4.34,3.92,3.28,2.8,2.21
4.71,4.33,3.9,3.25,2.78,2.15
4.66,4.27,3.85,3.21,2.74,2.11
4.66,4.27,3.85,3.2,2.74,2.14
4.76,4.37,3.97,3.32,2.86,2.3
4.7,4.33,3.92,3.28,2.83,2.2
4.62,4.24,3.81,3.16,2.7,2.09
4.57,4.18,3.74,3.08,2.64,2.07
4.48,4.08,3.62,2.96,2.54,2.02
NA,NA,NA,NA,NA,NA
4.49,4.1,3.65,2.99,2.56,2.15
4.5,4.1,3.67,2.99,2.56,2
4.49,4.09,3.65,2.97,2.55,1.99
4.49,4.08,3.64,2.96,2.55,2
4.46,4.06,3.62,2.96,2.53,2.02
4.5,4.1,3.66,3,2.58,2.05
4.5,4.1,3.68,3.02,2.62,2.08
4.5,4.1,3.69,3.04,2.64,2.11
4.38,3.99,3.56,2.93,2.54,2.08
4.38,3.99,3.57,2.94,2.56,2.1
4.47,4.09,3.68,3.06,2.67,2.13
4.5,4.13,3.72,3.1,2.71,2.14
4.48,4.11,3.71,3.09,2.69,2.12
4.45,4.08,3.69,3.08,2.69,2.12
4.49,4.13,3.73,3.13,2.75,2.18
4.62,4.25,3.85,3.23,2.82,2.19
4.61,4.23,3.82,3.19,2.78,2.17
4.6,4.23,3.8,3.16,2.75,2.15
4.5,4.13,3.71,3.09,2.68,2.13
4.48,4.1,3.68,3.06,2.66,2.12
4.45,4.08,3.67,3.05,2.66,2.11
4.45,4.08,3.66,3.05,2.66,2.11
4.43,4.05,3.64,3.04,2.64,2.09
4.24,3.84,3.4,2.79,2.4,1.91
4.28,3.88,3.45,2.86,2.45,1.97
4.32,3.94,3.52,2.94,2.55,2.01
4.3,3.92,3.51,2.91,2.54,2
4.27,3.89,3.47,2.89,2.52,1.99
4.22,3.85,3.42,2.85,2.47,1.97
4.26,3.89,3.45,2.87,2.51,2.01
4.21,3.83,3.39,2.81,2.44,1.98
4.23,3.85,3.41,2.82,2.44,1.97
4.22,3.84,3.39,2.8,2.43,1.96
4.24,3.86,3.42,2.83,2.46,1.98
4.28,3.9,3.46,2.87,2.5,2.03
4.28,3.91,3.46,2.87,2.5,2.03
4.26,3.89,3.46,2.88,2.51,2.03
4.22,3.85,3.42,2.85,2.48,2.02
4.23,3.86,3.43,2.85,2.48,2.03
4.19,3.82,3.4,2.82,2.47,2.04
4.13,3.76,3.33,2.75,2.41,1.99
4.13,3.76,3.32,2.74,2.41,1.99
4.2,3.83,3.4,2.8,2.46,2.02
4.3,3.93,3.52,2.94,2.61,2.12
NA,NA,NA,NA,NA,NA
4.26,3.89,3.48,2.91,2.58,2.13
4.18,3.8,3.4,2.83,2.5,2.09
4.22,3.84,3.41,2.85,2.5,2.09
4.19,3.79,3.4,2.84,2.5,2.08
4.16,3.78,3.38,2.83,2.5,2.1
4.15,3.76,3.35,2.81,2.47,2.08
4.18,3.8,3.39,2.84,2.51,2.09
4.08,3.69,3.29,2.75,2.44,2.06
4.14,3.75,3.35,2.83,2.53,2.11
4.07,3.68,3.28,2.75,2.46,2.1
4.05,3.66,3.28,2.79,2.49,2.12
4,3.62,3.26,2.78,2.5,2.12
4.02,3.66,3.3,2.83,2.57,2.16
4.04,3.69,3.33,2.88,2.62,2.2
4.01,3.65,3.29,2.84,2.59,2.2
4.02,3.66,3.28,2.8,2.55,2.18
4.1,3.75,3.37,2.89,2.61,2.2
4.14,3.79,3.38,2.89,2.63,2.21
4.21,3.85,3.44,2.92,2.63,2.21
4.19,3.84,3.44,2.93,2.65,2.25
4.18,3.83,3.44,2.93,2.65,2.23
4.23,3.88,3.51,2.99,2.7,2.26
4.26,3.92,3.53,3.01,2.72,2.26
4.15,3.8,3.39,2.88,2.61,2.21
NA,NA,NA,NA,NA,NA
4.12,3.77,3.35,2.84,2.56,2.2
4.09,3.74,3.32,2.8,2.53,2.17
4.03,3.68,3.26,2.76,2.48,2.15
4.07,3.72,3.31,2.8,2.53,2.18
4.07,3.72,3.31,2.82,2.55,2.21
4.07,3.73,3.32,2.84,2.57,2.22
4.01,3.66,3.26,2.78,2.53,2.2
4.01,3.68,3.29,2.83,2.57,2.23
4,3.66,3.26,2.79,2.55,2.23
3.99,3.63,3.25,2.78,2.54,2.24
4.01,3.65,3.26,2.8,2.54,2.24
4.11,3.76,3.37,2.89,2.63,2.3
4.09,3.74,3.34,2.86,2.59,2.29
4.05,3.7,3.3,2.82,2.56,2.28
4.11,3.76,3.36,2.89,2.61,2.34
4.1,3.75,3.34,2.86,2.6,2.33
4.09,3.74,3.35,2.85,2.6,2.32
4.1,3.76,3.37,2.89,2.63,2.34
4.21,3.88,3.51,3.04,2.8,2.44
4.22,3.88,3.51,3.08,2.8,2.47
4.22,3.88,3.53,3.05,2.8,2.46
4.25,3.89,3.56,3.07,2.82,2.47
NA,NA,NA,NA,NA,NA
4.2,3.89,3.53,3.1,2.86,2.49
4.2,3.89,3.53,3.12,2.89,2.53
4.21,3.91,3.56,3.14,2.91,2.54
4.14,3.83,3.47,3.07,2.85,2.5
4.12,3.81,3.48,3.08,2.86,2.51
4.2,3.91,3.57,3.17,2.95,2.56
4.18,3.9,3.56,3.18,2.95,2.6
4.19,3.92,3.58,3.2,2.98,2.6
4.2,3.93,3.61,3.23,3.01,2.6
NA,NA,NA,NA,NA,NA
4.24,3.98,3.64,3.25,3.03,2.61
4.34,4.06,3.72,3.31,3.07,2.66
4.36,4.07,3.72,3.29,3.02,2.63
4.38,4.08,3.72,3.28,3.01,2.6
4.4,4.1,3.75,3.3,3.04,2.62
4.27,3.96,3.61,3.19,2.94,2.58
4.24,3.94,3.59,3.17,2.93,2.6
4.23,3.94,3.6,3.19,2.95,2.6
4.14,3.85,3.53,3.12,2.91,2.59
4.19,3.87,3.54,3.15,2.93,2.59
4.16,3.85,3.52,3.15,2.95,2.61
4.16,3.85,3.54,3.18,2.98,2.66
4.14,3.83,3.53,3.17,2.99,2.65
4.09,3.78,3.48,3.14,2.97,2.64
4.19,3.89,3.58,3.21,3.01,2.66
4.21,3.91,3.59,3.22,3.03,2.67
4.21,3.91,3.59,3.23,3.06,2.72
4.18,3.89,3.57,3.22,3.05,2.72
4.21,3.91,3.57,3.21,3.04,2.71
4.23,3.92,3.58,3.21,3.02,2.7
NA,NA,NA,NA,NA,NA
4.3,3.99,3.65,3.26,3.07,2.78
4.31,4,3.66,3.27,3.08,2.77
4.33,4.03,3.69,3.32,3.12,2.77
4.27,3.97,3.64,3.27,3.1,2.76
4.24,3.94,3.63,3.25,3.08,2.75
4.23,3.94,3.64,3.28,3.1,2.79
4.29,4.02,3.72,3.38,3.2,2.82
4.29,4.02,3.73,3.39,3.22,2.83
4.29,4.01,3.71,3.36,3.18,2.82
4.29,4.03,3.73,3.4,3.2,2.82
4.29,4.03,3.75,3.41,3.23,2.86
4.26,4,3.73,3.41,3.24,2.86
4.25,4,3.72,3.38,3.22,2.84
4.2,3.95,3.68,3.36,3.21,2.84
4.23,3.97,3.71,3.41,3.24,2.87
NA,NA,NA,NA,NA,NA
4.21,3.97,3.72,3.42,3.26,2.9
4.2,3.97,3.73,3.42,3.26,2.88
4.17,3.94,3.68,3.38,3.21,2.85
4.16,3.92,3.65,3.33,3.16,2.83
4.14,3.9,3.65,3.36,3.2,2.86
4.2,3.97,3.71,3.39,3.23,2.88
4.21,3.98,3.73,3.43,3.27,2.9
4.22,4,3.75,3.45,3.28,2.91
4.16,3.93,3.69,3.41,3.25,2.89
4.14,3.92,3.71,3.43,3.29,2.96
4.15,3.93,3.71,3.43,3.29,2.95
4.15,3.93,3.73,3.47,3.32,2.95
4.18,3.97,3.76,3.51,3.34,2.96
4.09,3.88,3.68,3.44,3.29,2.93
4.07,3.87,3.67,3.46,3.31,2.96
4.05,3.86,3.68,3.47,3.33,2.97
4,3.79,3.58,3.38,3.24,2.93
4.07,3.86,3.65,3.43,3.29,2.96
4.1,3.9,3.7,3.48,3.34,3
4.08,3.88,3.7,3.51,3.38,3.03
4.1,3.91,3.71,3.51,3.37,3.03
4.16,3.97,3.78,3.56,3.41,3.05
4.19,3.99,3.78,3.55,3.38,3.03
4.27,4.07,3.86,3.62,3.45,3.09
NA,NA,NA,NA,NA,NA
4.29,4.09,3.88,3.62,3.46,3.12
4.27,4.08,3.87,3.63,3.46,3.12
4.29,4.1,3.91,3.67,3.52,3.13
4.27,4.09,3.91,3.68,3.54,3.15
4.36,4.18,4,3.75,3.59,3.2
4.38,4.19,4.02,3.76,3.59,3.2
4.38,4.2,4,3.75,3.57,3.19
4.39,4.2,4.02,3.76,3.59,3.19
4.32,4.15,3.97,3.73,3.57,3.2
4.31,4.15,3.99,3.76,3.61,3.22
4.38,4.22,4.05,3.79,3.62,3.23
4.52,4.35,4.16,3.87,3.66,3.24
4.48,4.29,4.13,3.87,3.68,3.25
4.56,4.39,4.22,3.94,3.73,3.28
4.52,4.36,4.2,3.95,3.75,3.32
4.54,4.38,4.22,3.96,3.75,3.32
4.52,4.35,4.18,3.92,3.72,3.3
4.47,4.3,4.14,3.89,3.7,3.29
4.51,4.34,4.18,3.91,3.72,3.32
4.53,4.35,4.18,3.93,3.72,3.33
4.63,4.45,4.31,4.06,3.86,3.4
4.61,4.45,4.3,4.05,3.84,3.38
4.6,4.44,4.3,4.06,3.88,3.41
NA,NA,NA,NA,NA,NA
4.64,4.48,4.33,4.09,3.9,3.43
4.6,4.44,4.3,4.05,3.87,3.41
4.56,4.4,4.26,4.03,3.86,3.39
4.5,4.33,4.18,3.96,3.8,3.35
4.46,4.29,4.13,3.9,3.75,3.34
4.47,4.3,4.13,3.9,3.74,3.34
4.48,4.31,4.15,3.91,3.75,3.34
4.44,4.26,4.09,3.86,3.7,3.31
4.49,4.3,4.13,3.89,3.72,3.32
4.5,4.32,4.17,3.94,3.77,3.35
4.45,4.28,4.13,3.91,3.75,3.37
4.38,4.2,4.05,3.85,3.71,3.34
4.38,4.2,4.03,3.83,3.66,3.32
4.37,4.17,3.99,3.76,3.6,3.3
4.27,4.09,3.9,3.68,3.54,3.26
4.27,4.08,3.9,3.69,3.55,3.29
4.21,4.02,3.85,3.64,3.5,3.26
4.22,4.03,3.86,3.65,3.52,3.25
4.32,4.13,3.97,3.77,3.65,3.31
4.26,4.08,3.92,3.73,3.62,3.3
4.26,4.08,3.94,3.75,3.64,3.34
4.28,4.1,3.96,3.77,3.67,3.35
4.25,4.06,3.92,3.75,3.64,3.33
4.19,3.99,3.85,3.67,3.59,3.3
4.21,4.03,3.9,3.73,3.66,3.33
4.21,4.02,3.88,3.71,3.64,3.34
4.21,4.03,3.9,3.73,3.68,3.35
4.2,4.01,3.87,3.7,3.63,3.32
4.19,3.98,3.82,3.65,3.58,3.29
4.28,4.09,3.95,3.8,3.73,3.37
4.29,4.11,3.99,3.83,3.76,3.4
4.23,4.04,3.93,3.79,3.69,3.37
4.21,4.01,3.91,3.78,3.68,3.35
4.18,3.99,3.87,3.75,3.66,3.34
4.12,3.95,3.83,3.71,3.61,3.29
4.13,3.9,3.83,3.71,3.61,3.33
4.12,3.88,3.82,3.71,3.61,3.32
4.07,3.83,3.77,3.67,3.56,3.29
4.11,3.86,3.84,3.73,3.64,3.31
4.13,3.89,3.88,3.77,3.69,3.35
4.07,3.83,3.83,3.73,3.65,3.35
4.04,3.8,3.78,3.68,3.61,3.32
4.08,3.85,3.81,3.68,3.61,3.32
4.08,3.92,3.82,3.72,3.64,3.31
4.08,3.92,3.82,3.72,3.64,3.31
NA,NA,NA,NA,NA,NA
4,3.86,3.76,3.65,3.6,3.32
3.91,3.74,3.63,3.55,3.5,3.25
3.89,3.74,3.65,3.56,3.52,3.26
3.98,3.83,3.73,3.63,3.57,3.28
3.96,3.82,3.73,3.64,3.59,3.3
3.92,3.78,3.7,3.62,3.57,3.28
3.95,3.81,3.73,3.65,3.6,3.3
3.98,3.84,3.76,3.68,3.64,3.31
4.05,3.92,3.84,3.75,3.71,3.33
4.09,3.96,3.87,3.77,3.71,3.38
4.13,3.99,3.89,3.78,3.71,3.39
4.12,3.99,3.9,3.79,3.72,3.39
4.09,3.96,3.87,3.76,3.7,3.38
4.09,3.97,3.88,3.76,3.72,3.39
4.11,3.98,3.88,3.78,3.72,3.42
4.06,3.93,3.84,3.75,3.71,3.42
3.95,3.81,3.72,3.65,3.62,3.37
3.96,3.82,3.74,3.66,3.63,3.39
3.92,3.78,3.69,3.63,3.59,3.38
3.9,3.77,3.69,3.62,3.6,3.42
3.97,3.84,3.76,3.68,3.65,3.46
3.99,3.85,3.77,3.69,3.65,3.44
3.94,3.8,3.72,3.67,3.66,3.45
4.06,3.92,3.84,3.77,3.76,3.51
NA,NA,NA,NA,NA,NA
4.11,3.98,3.9,3.82,3.79,3.55
4.08,3.95,3.86,3.8,3.77,3.53
4.05,3.92,3.83,3.75,3.71,3.48
4.11,3.98,3.89,3.82,3.78,3.52
4.11,3.99,3.91,3.85,3.81,3.58
4.15,4.03,3.94,3.88,3.82,3.59
4.17,4.04,3.96,3.89,3.84,3.59
4.19,4.06,3.98,3.91,3.86,3.6
4.18,4.06,3.98,3.92,3.86,3.61
4.22,4.1,4.01,3.94,3.89,3.66
4.2,4.07,3.99,3.93,3.88,3.65
4.17,4.06,3.99,3.93,3.9,3.66
4.28,4.16,4.09,4.01,3.96,3.72
4.23,4.11,4.04,3.97,3.92,3.72
4.25,4.14,4.06,3.99,3.95,3.77
4.24,4.14,4.06,4,3.95,3.76
4.27,4.16,4.09,4.04,3.99,3.77
4.2,4.1,4.04,4,3.96,3.75
4.28,4.19,4.12,4.06,4.02,3.8
4.32,4.22,4.16,4.09,4.04,3.83
4.34,4.24,4.17,4.1,4.06,3.84
4.3,4.2,4.13,4.07,4.02,3.82
4.32,4.22,4.15,4.09,4.04,3.83
4.4,4.3,4.24,4.16,4.11,3.87
4.42,4.34,4.28,4.22,4.16,3.93
4.41,4.31,4.25,4.19,4.13,3.9
4.4,4.3,4.24,4.18,4.13,3.9
4.32,4.24,4.18,4.14,4.1,3.89
4.24,4.16,4.11,4.08,4.05,3.88
4.27,4.2,4.15,4.11,4.08,3.91
4.23,4.15,4.1,4.06,4.03,3.88
4.28,4.2,4.15,4.1,4.07,3.89
4.21,4.13,4.08,4.04,4.01,3.86
4.21,4.13,4.08,4.05,4.03,3.89
4.22,4.14,4.08,4.06,4.03,3.89
4.2,4.12,4.07,4.03,4.01,3.88
4.19,4.11,4.06,4.03,3.99,3.87
4.18,4.11,4.06,4.03,4,3.87
4.2,4.13,4.09,4.07,4.06,3.9
4.2,4.13,4.08,4.07,4.06,3.91
4.16,4.08,4.03,4.01,3.97,3.85
4.02,3.93,3.87,3.83,3.84,3.77
4.02,3.91,3.85,3.8,3.72,3.66
4.03,3.92,3.85,3.79,3.75,3.67
NA,NA,NA,NA,NA,NA
4.09,3.97,3.89,3.83,3.8,3.73
4.15,4.01,3.93,3.89,3.87,3.77
4.15,4.03,3.94,3.89,3.87,3.77
4.14,4.01,3.94,3.9,3.88,3.78
4.18,4.06,3.98,3.93,3.92,3.83
4.14,4.01,3.93,3.88,3.88,3.81
4.17,4.04,3.96,3.91,3.9,3.81
4.22,4.08,3.99,3.93,3.9,3.81
4.26,4.13,4.05,4,3.97,3.86
4.25,4.11,4.02,3.95,3.93,3.87
4.26,4.14,4.06,4.01,4,3.92
4.19,4.08,4.01,3.96,3.96,3.88
4.19,4.07,3.99,3.95,3.95,3.86
4.25,4.14,4.07,4.03,4.02,3.89
4.3,4.18,4.11,4.08,4.07,3.95
4.3,4.2,4.13,4.09,4.08,3.95
4.26,4.17,4.11,4.09,4.09,3.95
4.29,4.2,4.14,4.13,4.13,3.97
4.34,4.23,4.18,4.18,4.18,4.01
4.39,4.31,4.25,4.23,4.21,4.09
4.38,4.3,4.24,4.22,4.22,4.09
4.36,4.28,4.23,4.2,4.21,4.07
4.37,4.28,4.23,4.21,4.2,4.07
4.35,4.28,4.23,4.19,4.18,4.06
NA,NA,NA,NA,NA,NA
4.39,4.32,4.27,4.23,4.22,4.14
4.45,4.37,4.32,4.27,4.24,4.14
4.48,4.38,4.32,4.27,4.24,4.14
4.48,4.4,4.34,4.3,4.27,4.15
4.5,4.41,4.36,4.31,4.29,4.21
4.49,4.4,4.34,4.3,4.27,4.19
4.47,4.38,4.32,4.28,4.25,4.18
4.46,4.38,4.33,4.29,4.27,4.2
4.39,4.31,4.26,4.23,4.22,4.18
4.45,4.37,4.32,4.28,4.25,4.22
4.54,4.46,4.41,4.36,4.34,4.26
4.6,4.52,4.46,4.42,4.38,4.27
4.57,4.49,4.43,4.39,4.36,4.26
4.58,4.51,4.46,4.42,4.4,4.28
4.57,4.49,4.45,4.41,4.4,4.31
4.58,4.51,4.47,4.44,4.42,4.31
4.61,4.54,4.5,4.46,4.43,4.31
4.65,4.59,4.55,4.5,4.47,4.33
4.66,4.6,4.56,4.5,4.47,4.34
4.65,4.59,4.55,4.5,4.47,4.36
4.57,4.52,4.49,4.47,4.43,4.34
4.64,4.58,4.55,4.53,4.49,4.37
4.55,4.51,4.49,4.48,4.44,4.34
NA,NA,NA,NA,NA,NA
4.61,4.57,4.54,4.52,4.5,4.4
4.56,4.52,4.51,4.5,4.47,4.38
4.49,4.45,4.43,4.43,4.42,4.34
4.46,4.42,4.39,4.39,4.37,4.32
4.5,4.45,4.43,4.41,4.4,4.34
4.46,4.42,4.39,4.39,4.39,4.33
4.43,4.37,4.34,4.33,4.32,4.26
4.47,4.41,4.38,4.36,4.36,4.31
NA,NA,NA,NA,NA,NA
4.43,4.37,4.34,4.33,4.33,4.29
4.41,4.35,4.32,4.32,4.33,4.32
4.48,4.42,4.4,4.4,4.4,4.35
4.49,4.45,4.42,4.41,4.42,4.34
4.52,4.47,4.45,4.44,4.45,4.36
4.52,4.48,4.45,4.43,4.43,4.35
4.57,4.53,4.5,4.48,4.47,4.39
4.49,4.44,4.42,4.41,4.42,4.36
4.52,4.46,4.43,4.42,4.42,4.35
4.47,4.39,4.36,4.36,4.37,4.3
4.54,4.47,4.44,4.43,4.43,4.33
4.56,4.49,4.46,4.45,4.45,4.38
4.54,4.47,4.44,4.43,4.43,4.37
4.45,4.38,4.36,4.36,4.37,4.32
4.47,4.41,4.38,4.37,4.37,4.33
4.45,4.39,4.36,4.35,4.37,4.32
4.45,4.39,4.37,4.37,4.38,4.38
4.47,4.41,4.4,4.41,4.42,4.39
4.49,4.44,4.42,4.43,4.43,4.38
4.44,4.39,4.38,4.38,4.4,4.35
4.38,4.33,4.32,4.34,4.37,4.33
NA,NA,NA,NA,NA,NA
4.34,4.31,4.3,4.31,4.35,4.35
4.38,4.34,4.32,4.34,4.37,4.34
4.37,4.34,4.33,4.35,4.38,4.35
4.39,4.36,4.35,4.37,4.41,4.38
NA,NA,NA,NA,NA,NA
4.37,4.32,4.3,4.3,4.34,4.38
4.36,4.31,4.28,4.28,4.31,4.35
4.36,4.31,4.29,4.29,4.32,4.36
4.38,4.33,4.32,4.32,4.36,4.38
4.38,4.34,4.32,4.32,4.36,4.39
4.43,4.38,4.36,4.36,4.41,4.42
4.46,4.41,4.39,4.39,4.44,4.44
4.42,4.37,4.35,4.35,4.39,4.42
4.36,4.3,4.28,4.29,4.34,4.4
NA,NA,NA,NA,NA,NA
4.34,4.29,4.27,4.28,4.33,4.42
4.34,4.3,4.28,4.29,4.33,4.42
4.38,4.33,4.31,4.32,4.37,4.43
4.37,4.32,4.31,4.32,4.37,4.44
4.36,4.31,4.3,4.31,4.35,4.45
4.4,4.34,4.32,4.33,4.37,4.46
4.49,4.43,4.41,4.41,4.46,4.51
4.53,4.46,4.44,4.45,4.49,4.52
4.52,4.47,4.45,4.46,4.51,4.54
4.54,4.49,4.46,4.47,4.52,4.59
4.53,4.49,4.47,4.49,4.54,4.58
4.57,4.52,4.51,4.54,4.59,4.6
4.57,4.53,4.51,4.54,4.59,4.61
4.54,4.51,4.5,4.54,4.59,4.62
4.55,4.52,4.51,4.57,4.62,4.66
4.57,4.54,4.52,4.57,4.61,4.65
4.56,4.55,4.55,4.61,4.64,4.66
4.54,4.55,4.55,4.62,4.66,4.66
4.59,4.59,4.59,4.67,4.69,4.7
4.58,4.58,4.58,4.66,4.68,4.7
4.62,4.61,4.61,4.68,4.69,4.71
4.61,4.6,4.6,4.68,4.71,4.7
4.59,4.59,4.59,4.67,4.69,4.69
4.54,4.54,4.55,4.64,4.66,4.68
NA,NA,NA,NA,NA,NA
4.57,4.58,4.59,4.68,4.71,4.73
4.53,4.55,4.57,4.66,4.68,4.69
4.56,4.58,4.63,4.7,4.72,4.73
4.58,4.6,4.64,4.7,4.74,4.73
4.59,4.61,4.66,4.71,4.74,4.76
4.55,4.57,4.61,4.67,4.69,4.73
4.59,4.6,4.63,4.68,4.71,4.74
4.64,4.66,4.68,4.72,4.72,4.74
4.68,4.69,4.71,4.75,4.76,4.75
4.74,4.74,4.76,4.77,4.77,4.77
4.74,4.75,4.76,4.79,4.77,4.77
4.73,4.74,4.75,4.77,4.72,4.76
4.74,4.74,4.75,4.77,4.72,4.76
4.76,4.76,4.77,4.8,4.74,4.77
4.77,4.78,4.78,4.81,4.74,4.8
4.71,4.69,4.68,4.72,4.66,4.75
4.73,4.7,4.69,4.72,4.69,4.77
4.65,4.61,4.6,4.62,4.62,4.72
4.68,4.63,4.62,4.64,4.65,4.74
4.66,4.62,4.61,4.62,4.65,4.74
4.71,4.69,4.68,4.71,4.72,4.79
4.7,4.7,4.69,4.72,4.74,4.78
4.73,4.73,4.73,4.74,4.77,4.8
4.67,4.66,4.66,4.67,4.72,4.76
4.7,4.69,4.69,4.69,4.72,4.77
4.79,4.79,4.79,4.79,4.81,4.82
4.81,4.79,4.79,4.81,4.82,4.83
4.86,4.83,4.83,4.84,4.84,4.84
4.86,4.83,4.82,4.83,4.82,4.82
4.88,4.86,4.85,4.85,4.86,4.86
4.87,4.84,4.82,4.83,4.84,4.85
4.84,4.8,4.79,4.79,4.81,4.82
4.9,4.86,4.84,4.83,4.84,4.85
4.97,4.92,4.89,4.89,4.89,4.86
4.97,4.92,4.89,4.89,4.89,4.89
4.93,4.88,4.86,4.86,4.88,4.88
4.98,4.93,4.91,4.9,4.91,4.91
5.05,5,4.97,4.96,4.96,4.95
NA,NA,NA,NA,NA,NA
5.01,4.96,4.93,4.91,4.91,4.93
4.99,4.92,4.87,4.86,4.84,4.88
5.04,4.96,4.91,4.87,4.86,4.89
5.04,4.97,4.92,4.89,4.89,4.9
5.01,4.95,4.92,4.89,4.9,4.9
4.99,4.94,4.9,4.88,4.89,4.92
5.07,5.02,4.98,4.94,4.95,4.95
5.12,5.06,5.02,4.99,4.99,4.98
5.09,5,4.95,4.92,4.91,4.93
5.07,4.98,4.92,4.87,4.87,4.9
5.14,5.04,4.99,4.95,4.94,4.97
5.12,5.03,4.98,4.94,4.92,4.96
5.15,5.06,5.01,4.96,4.94,4.98
5.16,5.08,5.03,4.99,4.97,5
5.12,5.03,4.99,4.96,4.94,4.98
5.12,5.05,5.01,4.99,4.97,5.01
5.13,5.05,5.01,4.98,4.97,5.01
5.13,5.06,5.03,5,5.01,5.02
5.14,5.07,5.04,5.01,4.99,4.99
5.19,5.12,5.08,5.03,5.01,5
5.15,5.08,5.04,5.01,4.99,5.01
5.1,5.03,4.99,4.97,4.96,4.98
5.16,5.08,5.03,5,4.97,4.99
5.08,5,4.96,4.94,4.94,4.96
5.05,4.98,4.96,4.95,4.96,4.98
5.04,4.96,4.94,4.94,4.94,4.99
5.07,5,4.98,4.97,4.97,5
5.03,4.96,4.93,4.92,4.94,4.97
5.07,4.99,4.97,4.97,4.98,5
5.06,4.97,4.95,4.94,4.96,5
NA,NA,NA,NA,NA,NA
5.09,5.01,4.99,4.99,4.99,5.02
5.12,5.06,5.04,5.03,5.04,5.07
5.11,5.05,5.03,5.02,5.04,5.05
5,4.92,4.9,4.91,4.92,4.98
5.02,4.97,4.95,4.95,4.99,5.02
5.01,4.96,4.95,4.96,4.99,5.03
5.02,4.98,4.97,4.99,5.02,5.05
5,4.96,4.95,4.97,5.01,5.04
4.98,4.95,4.95,4.96,5.01,5.05
4.99,4.96,4.95,4.97,5.02,5.09
4.97,4.94,4.93,4.96,5.02,5.09
5.05,5.04,5.03,5.06,5.11,5.15
5.1,5.08,5.08,5.1,5.14,5.15
5.13,5.1,5.1,5.13,5.16,5.18
5.14,5.13,5.12,5.15,5.19,5.23
5.15,5.14,5.13,5.16,5.19,5.23
5.16,5.14,5.14,5.16,5.2,5.22
5.2,5.18,5.18,5.21,5.23,5.24
5.23,5.21,5.21,5.23,5.27,5.27
5.25,5.23,5.22,5.25,5.27,5.3
5.21,5.2,5.19,5.22,5.24,5.28
5.25,5.23,5.23,5.26,5.29,5.3
5.22,5.18,5.17,5.19,5.21,5.25
5.15,5.11,5.1,5.13,5.16,5.21
5.15,5.12,5.11,5.14,5.17,5.26
NA,NA,NA,NA,NA,NA
5.23,5.19,5.19,5.21,5.24,5.29
5.19,5.16,5.15,5.17,5.22,5.28
5.14,5.1,5.1,5.13,5.17,5.25
5.13,5.1,5.1,5.13,5.17,5.27
5.1,5.08,5.07,5.11,5.17,5.26
5.1,5.09,5.08,5.12,5.17,5.26
5.08,5.05,5.04,5.07,5.12,5.22
5.07,5.03,5.02,5.05,5.08,5.2
5.07,5.04,5.04,5.07,5.12,5.24
5.13,5.1,5.1,5.13,5.19,5.28
5.06,5.02,5.02,5.06,5.12,5.22
5.03,4.99,4.98,5.01,5.06,5.18
5.05,5,4.99,5.02,5.08,5.19
5.05,5,4.99,5.03,5.1,5.21
5.07,5.03,5.02,5.05,5.11,5.21
5.04,5,4.99,5.02,5.06,5.16
5.07,5,4.98,5.01,5.07,5.16
5,4.94,4.92,4.94,4.98,5.1
4.99,4.93,4.91,4.93,4.97,5.11
4.99,4.92,4.9,4.91,4.97,5.11
4.96,4.9,4.88,4.9,4.97,5.11
4.96,4.91,4.9,4.92,4.98,5.12
4.91,4.85,4.84,4.86,4.91,5.07
4.93,4.87,4.86,4.89,4.96,5.12
4.93,4.86,4.85,4.86,4.91,5.08
4.92,4.87,4.86,4.88,4.91,5.07
4.93,4.87,4.86,4.89,4.93,5.08
4.97,4.92,4.91,4.93,4.96,5.12
5,4.96,4.95,4.98,5.01,5.17
4.93,4.89,4.88,4.91,4.94,5.11
4.87,4.82,4.81,4.83,4.87,5.06
4.87,4.82,4.82,4.84,4.89,5.08
4.84,4.78,4.78,4.82,4.87,5.08
4.82,4.77,4.77,4.79,4.85,5.07
4.82,4.77,4.77,4.79,4.87,5.07
4.82,4.78,4.77,4.81,4.87,5.07
4.81,4.78,4.78,4.8,4.88,5.07
4.79,4.76,4.76,4.79,4.86,5.06
4.8,4.77,4.77,4.8,4.88,5.08
4.79,4.77,4.77,4.79,4.87,5.06
4.76,4.72,4.72,4.76,4.83,5.03
4.74,4.7,4.7,4.71,4.79,5.01
4.73,4.69,4.68,4.7,4.77,4.99
NA,NA,NA,NA,NA,NA
4.78,4.74,4.73,4.73,4.8,5.02
4.8,4.76,4.75,4.76,4.82,5.02
4.8,4.75,4.74,4.76,4.82,5.02
4.78,4.72,4.71,4.73,4.8,5
4.8,4.75,4.74,4.77,4.83,5.03
4.78,4.73,4.71,4.74,4.82,5.02
4.77,4.72,4.7,4.72,4.8,4.99
4.79,4.75,4.74,4.77,4.83,5.02
4.8,4.77,4.76,4.79,4.87,5.03
4.81,4.78,4.77,4.8,4.88,5.04
4.74,4.69,4.69,4.72,4.79,4.99
4.73,4.7,4.7,4.73,4.81,5
4.65,4.61,4.6,4.61,4.71,4.93
4.6,4.56,4.55,4.58,4.67,4.9
4.56,4.51,4.51,4.54,4.63,4.88
4.59,4.55,4.55,4.59,4.68,4.91
4.6,4.56,4.56,4.59,4.66,4.89
4.63,4.58,4.57,4.6,4.68,4.9
4.64,4.6,4.59,4.62,4.71,4.91
4.62,4.57,4.56,4.59,4.66,4.9
4.62,4.57,4.56,4.59,4.67,4.9
4.57,4.52,4.5,4.53,4.6,4.87
4.61,4.56,4.55,4.58,4.65,4.9
4.7,4.65,4.64,4.67,4.74,4.94
NA,NA,NA,NA,NA,NA
4.75,4.71,4.71,4.75,4.82,5
4.78,4.75,4.75,4.78,4.85,5.02
4.79,4.74,4.74,4.78,4.85,5.03
4.81,4.77,4.77,4.79,4.87,5.05
4.79,4.76,4.76,4.78,4.85,5.05
4.78,4.74,4.73,4.77,4.83,5.04
4.77,4.73,4.74,4.77,4.85,5.04
4.79,4.75,4.75,4.79,4.85,5.05
4.79,4.76,4.76,4.8,4.87,5.05
4.83,4.8,4.8,4.84,4.9,5.09
4.83,4.81,4.81,4.84,4.91,5.1
4.78,4.75,4.75,4.79,4.88,5.08
4.73,4.7,4.69,4.74,4.81,5.06
4.68,4.64,4.64,4.68,4.76,5.02
4.68,4.64,4.64,4.68,4.78,5.03
4.61,4.57,4.57,4.62,4.71,4.99
4.57,4.52,4.52,4.56,4.66,4.95
4.6,4.56,4.55,4.6,4.67,4.97
4.72,4.7,4.7,4.74,4.82,5.06
4.71,4.69,4.69,4.74,4.82,5.06
4.66,4.63,4.63,4.69,4.77,5.03
4.64,4.61,4.61,4.65,4.75,5.02
4.62,4.6,4.6,4.66,4.75,5.02
4.59,4.57,4.57,4.63,4.73,5.01
4.61,4.6,4.6,4.66,4.76,5.03
4.57,4.57,4.57,4.63,4.74,5.01
4.61,4.62,4.62,4.69,4.8,5.04
4.66,4.66,4.67,4.75,4.85,5.06
4.61,4.6,4.6,4.67,4.76,5.02
4.6,4.59,4.6,4.66,4.76,5.02
4.58,4.58,4.58,4.65,4.75,5.02
4.57,4.57,4.57,4.63,4.74,5.01
NA,NA,NA,NA,NA,NA
4.55,4.55,4.55,4.62,4.73,5
4.54,4.54,4.54,4.6,4.71,5
4.51,4.5,4.5,4.57,4.67,4.98
4.52,4.51,4.51,4.58,4.69,4.98
4.46,4.45,4.45,4.52,4.62,4.94
4.43,4.39,4.39,4.43,4.52,4.87
4.43,4.39,4.39,4.43,4.52,4.87
4.45,4.4,4.39,4.43,4.52,4.86
4.48,4.44,4.44,4.48,4.59,4.9
4.49,4.45,4.45,4.48,4.58,4.9
4.56,4.54,4.53,4.57,4.68,4.95
4.52,4.5,4.5,4.55,4.67,4.94
4.49,4.45,4.45,4.49,4.61,4.91
4.58,4.55,4.54,4.6,4.7,4.95
4.6,4.58,4.58,4.63,4.73,4.97
4.6,4.57,4.57,4.62,4.73,4.96
4.6,4.57,4.57,4.62,4.71,4.97
4.6,4.57,4.57,4.62,4.71,4.96
4.6,4.57,4.57,4.62,4.71,4.96
4.55,4.52,4.52,4.57,4.66,4.93
4.63,4.6,4.59,4.64,4.71,4.96
NA,NA,NA,NA,NA,NA
4.61,4.59,4.58,4.63,4.71,4.97
4.66,4.64,4.64,4.69,4.77,4.99
4.7,4.69,4.69,4.72,4.82,5.01
4.71,4.7,4.7,4.74,4.82,5
NA,NA,NA,NA,NA,NA
4.68,4.68,4.68,4.71,4.8,5
4.67,4.66,4.66,4.69,4.76,4.98
4.62,4.61,4.61,4.63,4.71,4.95
4.65,4.65,4.65,4.68,4.76,4.98
4.66,4.66,4.66,4.7,4.78,5.01
4.66,4.65,4.65,4.7,4.79,5.02
4.69,4.68,4.68,4.72,4.81,5.02
4.74,4.73,4.73,4.78,4.86,5.05
4.77,4.76,4.76,4.81,4.88,5.06
NA,NA,NA,NA,NA,NA
4.75,4.74,4.74,4.79,4.86,5.06
4.79,4.78,4.78,4.83,4.91,5.08
4.75,4.75,4.75,4.8,4.89,5.07
4.78,4.78,4.78,4.83,4.93,5.09
4.76,4.76,4.77,4.82,4.91,5.09
4.81,4.81,4.81,4.85,4.94,5.1
4.81,4.81,4.81,4.85,4.93,5.09
4.87,4.85,4.85,4.9,4.98,5.11
4.88,4.87,4.87,4.91,4.99,5.12
4.9,4.89,4.89,4.93,4.99,5.12
4.88,4.86,4.86,4.9,4.98,5.11
4.83,4.82,4.82,4.85,4.94,5.09
4.84,4.84,4.84,4.88,4.96,5.09
4.83,4.82,4.82,4.87,4.94,5.08
4.81,4.8,4.8,4.84,4.92,5.08
4.77,4.76,4.76,4.8,4.9,5.07
4.74,4.73,4.74,4.77,4.87,5.06
4.73,4.73,4.73,4.77,4.87,5.06
4.79,4.78,4.78,4.82,4.92,5.08
4.8,4.8,4.8,4.84,4.94,5.1
4.82,4.81,4.81,4.85,4.95,5.1
4.74,4.72,4.72,4.77,4.87,5.06
4.7,4.69,4.68,4.73,4.83,5.04
4.69,4.68,4.68,4.73,4.83,5.05
NA,NA,NA,NA,NA,NA
4.68,4.67,4.67,4.71,4.81,5.04
4.69,4.68,4.68,4.74,4.82,5.05
4.73,4.72,4.72,4.77,4.87,5.07
4.68,4.67,4.67,4.71,4.82,5.05
4.63,4.62,4.62,4.67,4.77,5.05
4.5,4.46,4.46,4.5,4.59,4.93
4.56,4.53,4.52,4.55,4.65,4.96
4.56,4.51,4.5,4.54,4.63,4.95
4.52,4.47,4.46,4.48,4.56,4.9
4.51,4.46,4.45,4.47,4.53,4.89
4.53,4.49,4.48,4.52,4.58,4.92
4.5,4.46,4.45,4.48,4.54,4.9
4.51,4.46,4.45,4.49,4.56,4.91
4.59,4.55,4.55,4.58,4.66,4.98
4.56,4.51,4.5,4.55,4.62,4.96
4.5,4.43,4.41,4.45,4.52,4.9
4.53,4.46,4.44,4.47,4.54,4.91
4.54,4.47,4.46,4.5,4.57,4.93
4.55,4.49,4.47,4.51,4.58,4.95
4.58,4.51,4.5,4.54,4.61,4.96
4.56,4.49,4.47,4.51,4.6,4.94
4.53,4.45,4.43,4.44,4.51,4.89
4.6,4.52,4.49,4.51,4.58,4.91
4.62,4.54,4.52,4.54,4.6,4.93
4.6,4.51,4.48,4.5,4.56,4.91
4.62,4.53,4.5,4.51,4.58,4.91
4.62,4.53,4.5,4.49,4.53,4.9
4.64,4.55,4.53,4.52,4.58,4.9
4.65,4.58,4.54,4.54,4.58,4.9
4.65,4.57,4.54,4.53,4.6,4.92
4.67,4.59,4.56,4.57,4.63,4.93
4.66,4.58,4.55,4.55,4.61,4.92
4.68,4.6,4.57,4.57,4.63,4.93
4.76,4.69,4.67,4.68,4.75,4.98
4.75,4.68,4.66,4.67,4.73,4.98
4.73,4.65,4.63,4.64,4.71,4.97
4.74,4.67,4.66,4.66,4.73,4.97
4.74,4.67,4.66,4.66,4.73,4.97
4.76,4.7,4.68,4.71,4.76,4.98
4.74,4.69,4.67,4.68,4.74,4.97
4.69,4.62,4.61,4.61,4.68,4.93
4.66,4.58,4.56,4.57,4.64,4.91
4.68,4.6,4.57,4.58,4.64,4.91
4.68,4.6,4.57,4.58,4.64,4.91
4.66,4.57,4.55,4.55,4.62,4.9
4.63,4.54,4.51,4.52,4.58,4.88
4.66,4.57,4.55,4.55,4.63,4.9
4.69,4.61,4.59,4.6,4.67,4.92
4.71,4.62,4.59,4.61,4.67,4.91
4.63,4.55,4.51,4.54,4.6,4.89
4.64,4.57,4.54,4.56,4.63,4.89
4.65,4.58,4.55,4.57,4.65,4.9
4.68,4.61,4.59,4.62,4.71,4.93
4.65,4.58,4.55,4.59,4.68,4.91
4.64,4.57,4.55,4.58,4.68,4.92
4.63,4.56,4.54,4.58,4.68,4.91
4.67,4.6,4.58,4.64,4.73,4.9
4.65,4.58,4.56,4.6,4.7,4.86
4.67,4.6,4.58,4.62,4.71,4.85
4.69,4.63,4.61,4.65,4.73,4.87
4.71,4.65,4.63,4.66,4.75,4.85
4.71,4.64,4.62,4.66,4.73,4.82
4.76,4.69,4.68,4.71,4.78,4.86
4.81,4.75,4.74,4.75,4.82,4.92
4.79,4.73,4.71,4.74,4.81,4.95
4.83,4.78,4.76,4.77,4.83,4.96
4.86,4.8,4.79,4.79,4.85,4.96
4.86,4.8,4.79,4.8,4.85,4.94
4.86,4.82,4.8,4.81,4.85,4.93
NA,NA,NA,NA,NA,NA
4.88,4.83,4.82,4.83,4.88,4.96
4.88,4.84,4.83,4.85,4.89,4.96
4.9,4.87,4.86,4.88,4.92,4.95
4.95,4.92,4.92,4.94,4.97,4.98
4.93,4.91,4.91,4.92,4.97,4.99
4.98,4.96,4.96,4.97,4.99,4.99
4.97,4.94,4.94,4.94,4.97,4.96
5.11,5.07,5.05,5.03,5.03,4.99
5.12,5.08,5.06,5.03,5.01,4.96
5.14,5.1,5.07,5.03,5.01,4.98
5.26,5.21,5.18,5.13,5.08,5.01
5.2,5.16,5.13,5.1,5.08,4.98
5.23,5.19,5.16,5.13,5.1,4.98
5.16,5.12,5.1,5.07,5.05,4.93
5.15,5.1,5.07,5.05,5.01,4.95
5.09,5.03,5,4.98,4.94,4.92
5.14,5.09,5.05,5.01,4.97,4.97
5.16,5.1,5.06,5.01,4.98,4.96
5.14,5.07,5.02,4.97,4.92,4.94
5.09,5.01,4.97,4.92,4.87,4.96
5.1,5.03,4.99,4.95,4.9,4.97
5.09,5.02,4.97,4.93,4.91,4.93
5.12,5.06,5.02,4.98,4.96,4.95
5.03,4.96,4.92,4.89,4.87,4.91
5,4.93,4.9,4.86,4.86,4.97
5.05,4.99,4.95,4.9,4.89,4.98
NA,NA,NA,NA,NA,NA
5.16,5.1,5.05,5,4.99,5.02
5.19,5.14,5.1,5.02,4.99,5
5.16,5.11,5.07,5,4.97,5.03
5.03,4.97,4.93,4.87,4.85,4.97
5.09,5.02,4.98,4.9,4.89,4.99
5.13,5.08,5.03,4.97,4.94,5.02
5.11,5.05,5.01,4.95,4.94,5.01
5.05,4.99,4.95,4.89,4.89,5.01
5.08,5.02,4.98,4.92,4.91,5.02
5.02,4.95,4.91,4.86,4.84,4.98
5.04,4.98,4.94,4.88,4.87,5
4.96,4.9,4.85,4.78,4.79,4.96
4.97,4.9,4.86,4.81,4.8,5
4.94,4.87,4.82,4.76,4.77,4.97
4.92,4.85,4.8,4.74,4.74,4.95
4.79,4.68,4.61,4.54,4.56,4.83
4.8,4.68,4.6,4.53,4.56,4.82
4.82,4.71,4.64,4.57,4.59,4.87
4.78,4.67,4.6,4.55,4.56,4.85
4.76,4.66,4.6,4.53,4.56,4.82
4.77,4.68,4.62,4.57,4.59,4.83
4.71,4.59,4.52,4.45,4.46,4.76
4.72,4.6,4.52,4.45,4.46,4.76
4.77,4.66,4.6,4.55,4.56,4.84
4.84,4.75,4.69,4.64,4.64,4.89
4.79,4.66,4.58,4.51,4.49,4.74
4.81,4.68,4.59,4.51,4.47,4.69
4.78,4.65,4.57,4.49,4.46,4.75
4.73,4.6,4.51,4.42,4.39,4.67
4.69,4.52,4.41,4.31,4.27,4.41
4.6,4.39,4.26,4.15,4.08,4.18
4.68,4.47,4.35,4.25,4.18,4.19
4.64,4.44,4.32,4.19,4.11,4.15
4.6,4.41,4.27,4.12,4.05,4.07
4.63,4.46,4.34,4.19,4.15,4.1
4.62,4.47,4.36,4.24,4.2,4.19
4.63,4.5,4.42,4.31,4.3,4.31
4.6,4.47,4.39,4.28,4.28,4.55
4.53,4.36,4.25,4.14,4.13,4.36
4.57,4.41,4.31,4.19,4.14,4.24
4.51,4.33,4.21,4.14,4.08,4.17
4.54,4.36,4.25,4.16,4.15,4.19
NA,NA,NA,NA,NA,NA
4.56,4.38,4.26,4.16,4.13,4.39
4.48,4.29,4.16,4.05,4.03,4.28
4.51,4.32,4.2,4.09,4.08,4.3
4.38,4.17,4.03,3.92,3.9,4.1
4.34,4.13,4,3.89,3.87,4.09
4.37,4.19,4.07,3.97,3.95,4.16
4.41,4.23,4.11,3.99,3.95,4.12
4.49,4.33,4.22,4.11,4.08,4.2
4.47,4.3,4.18,4.07,4.05,4.16
4.48,4.32,4.21,4.11,4.08,4.23
4.5,4.32,4.19,4.04,4,4.08
4.53,4.33,4.2,4.06,4,4.06
4.69,4.49,4.35,4.19,4.1,4.1
4.64,4.44,4.31,4.15,4.06,4.09
4.63,4.44,4.31,4.14,4.05,4.09
4.63,4.41,4.26,4.09,4,4.04
4.63,4.43,4.27,4.07,3.97,4.03
4.58,4.37,4.22,4.02,3.95,4.03
4.59,4.38,4.23,4.03,3.97,4.05
4.56,4.37,4.24,4.05,4.02,4.11
4.54,4.34,4.2,4.01,3.98,4.1
4.55,4.37,4.24,4.07,4.02,4.11
4.54,4.35,4.22,4.06,4,4.1
4.65,4.46,4.33,4.16,4.08,4.16
NA,NA,NA,NA,NA,NA
4.67,4.49,4.38,4.21,4.15,4.23
4.65,4.49,4.37,4.21,4.15,4.23
4.66,4.48,4.36,4.18,4.13,4.22
4.7,4.53,4.42,4.27,4.23,4.28
4.69,4.52,4.4,4.25,4.22,4.33
4.66,4.47,4.34,4.17,4.12,4.26
4.57,4.36,4.22,4.04,4,4.11
4.52,4.31,4.17,3.98,3.93,4.03
4.41,4.19,4.03,3.85,3.8,3.98
4.42,4.21,4.08,3.88,3.85,4.05
4.41,4.2,4.06,3.86,3.81,4.01
4.36,4.14,3.99,3.79,3.74,3.91
4.37,4.15,4.01,3.78,3.74,3.93
4.41,4.19,4.04,3.79,3.77,3.96
4.39,4.19,4.04,3.84,3.79,4
4.4,4.2,4.06,3.85,3.82,3.98
4.48,4.29,4.16,3.94,3.94,4.04
4.36,4.16,4.02,3.8,3.77,3.89
4.31,4.09,3.93,3.68,3.66,3.74
4.35,4.12,3.96,3.71,3.69,3.86
4.38,4.15,3.99,3.73,3.7,3.83
4.34,4.09,3.92,3.6,3.61,3.71
4.28,4,3.81,3.46,3.47,3.61
4.23,3.96,3.77,3.44,3.42,3.57
NA,NA,NA,NA,NA,NA
4.26,4.01,3.84,3.52,3.54,3.68
4.28,4.03,3.86,3.53,3.57,3.65
4.17,3.9,3.71,3.35,3.35,3.49
4.15,3.88,3.68,3.3,3.33,3.49
4.07,3.78,3.57,3.16,3.18,3.43
4.06,3.74,3.52,3.15,3.14,3.32
4,3.65,3.4,3.03,2.99,3.18
NA,NA,NA,NA,NA,NA
4.01,3.67,3.42,3.1,3.07,3.28
3.83,3.48,3.23,2.93,2.92,3.2
3.95,3.61,3.38,3.04,3.05,3.26
4.03,3.72,3.5,3.21,3.17,3.31
3.94,3.64,3.42,3.11,3.06,3.22
3.97,3.64,3.41,3.09,3.04,3.26
3.89,3.53,3.28,2.93,2.9,3.15
3.89,3.54,3.28,2.92,2.9,3.11
3.92,3.55,3.28,2.91,2.9,3.13
4.02,3.66,3.39,3.03,3.03,3.2
4.12,3.77,3.51,3.15,3.12,3.24
4.15,3.8,3.54,3.19,3.17,3.26
3.98,3.59,3.32,2.99,2.94,3.09
4.05,3.68,3.41,3.12,3.07,3.16
4.18,3.8,3.54,3.22,3.21,3.22
4.24,3.88,3.63,3.32,3.31,3.28
4.2,3.83,3.57,3.25,3.24,3.34
4.14,3.78,3.53,3.2,3.19,3.31
4.06,3.71,3.46,3.13,3.12,3.26
4.04,3.7,3.45,3.09,3.09,3.2
4.18,3.84,3.58,3.2,3.19,3.31
4.23,3.89,3.65,3.25,3.24,3.46
NA,NA,NA,NA,NA,NA
4.3,3.96,3.72,3.32,3.31,3.49
4.21,3.88,3.64,3.23,3.24,3.37
4.11,3.77,3.52,3.13,3.12,3.34
4.04,3.7,3.45,3.07,3.05,3.34
NA,NA,NA,NA,NA,NA
3.91,3.54,3.28,2.89,2.88,3.17
3.91,3.54,3.26,2.85,2.83,3.13
3.88,3.47,3.18,2.75,2.74,3.06
3.86,3.46,3.16,2.76,2.76,3.11
3.86,3.47,3.16,2.76,2.76,3.09
3.82,3.4,3.1,2.69,2.69,3.04
3.91,3.49,3.16,2.74,2.71,3.04
3.82,3.38,3.06,2.61,2.59,2.91
3.81,3.39,3.08,2.61,2.58,2.9
3.72,3.3,3,2.55,2.53,2.87
3.74,3.32,3,2.55,2.51,2.86
3.66,3.22,2.9,2.46,2.44,2.81
3.66,3.2,2.86,2.39,2.36,2.69
NA,NA,NA,NA,NA,NA
3.52,3.01,2.64,2.12,2.08,2.29
3.51,3.01,2.64,2.12,2.09,2.19
3.68,3.21,2.85,2.3,2.25,2.4
3.61,3.15,2.81,2.28,2.23,2.34
3.61,3.15,2.8,2.27,2.2,2.3
3.69,3.23,2.87,2.33,2.29,2.33
3.78,3.32,2.96,2.44,2.3,2.3
3.67,3.19,2.82,2.27,2.17,2.11
3.62,3.13,2.75,2.22,2.09,2.13
3.68,3.18,2.78,2.23,2.08,2.17
3.61,3.08,2.66,2.08,1.93,2.06
3.61,3.08,2.67,2.11,1.96,2.05
3.74,3.21,2.79,2.21,1.99,2.08
3.64,3.11,2.69,2.1,1.93,2.05
3.62,3.09,2.67,2.1,1.93,2.06
3.66,3.13,2.71,2.13,1.94,2.06
3.7,3.14,2.71,2.11,1.91,2.03
3.85,3.28,2.81,2.18,1.93,2.05
3.76,3.21,2.76,2.15,1.91,2.02
NA,NA,NA,NA,NA,NA
3.89,3.37,2.93,2.31,2.06,2.11
3.93,3.45,3.02,2.43,2.14,2.16
3.77,3.24,2.8,2.23,1.98,2.05
3.79,3.26,2.81,2.24,1.98,2.08
3.91,3.41,2.98,2.39,2.13,2.13
3.88,3.36,2.92,2.32,2.04,2.07
3.85,3.33,2.89,2.25,2.01,2.02
3.71,3.17,2.73,2.1,1.87,1.92
3.53,2.96,2.5,1.87,1.65,1.77
3.54,2.96,2.48,1.84,1.61,1.74
3.63,3.02,2.53,1.86,1.65,1.72
3.7,3.1,2.59,1.91,1.66,1.72
3.62,3,2.5,1.77,1.53,1.59
3.56,2.94,2.45,1.75,1.53,1.55
3.46,2.84,2.37,1.67,1.47,1.46
3.6,3.04,2.61,1.93,1.74,1.67
3.49,2.93,2.49,1.81,1.63,1.58
3.56,2.99,2.53,1.84,1.63,1.54
3.44,2.84,2.37,1.65,1.47,1.37
3.34,2.71,2.23,1.52,1.35,1.32
3.48,2.88,2.42,1.74,1.58,1.4
3.38,2.8,2.36,1.68,1.54,1.33
3.34,2.78,2.36,1.71,1.59,1.33
NA,NA,NA,NA,NA,NA
3.56,3.04,2.64,1.99,1.84,1.68
3.51,3,2.61,1.93,1.79,1.64
3.51,2.96,2.55,1.86,1.71,1.56
3.56,3.02,2.61,1.88,1.73,1.57
3.47,2.91,2.51,1.8,1.67,1.56
3.45,2.88,2.46,1.79,1.62,1.55
3.57,3.04,2.65,1.94,1.8,1.62
3.6,3.09,2.72,2.05,1.88,1.67
3.61,3.11,2.75,2.08,1.91,1.68
3.5,2.99,2.63,1.98,1.83,1.63
3.57,3.09,2.75,2.1,1.95,1.72
3.58,3.08,2.72,2.06,1.87,1.68
3.49,2.97,2.59,1.95,1.77,1.6
3.55,3.05,2.66,2.02,1.84,1.61
3.49,2.97,2.57,1.94,1.76,1.52
3.53,3,2.6,1.97,1.78,1.53
3.6,3.08,2.68,2.05,1.84,1.56
3.72,3.21,2.82,2.2,1.98,1.65
3.75,3.27,2.9,2.31,2.13,1.77
3.77,3.29,2.95,2.35,2.19,1.85
3.75,3.28,2.95,2.37,2.2,1.86
3.74,3.29,2.96,2.43,2.24,1.84
3.77,3.32,2.98,2.45,2.22,1.83
3.87,3.44,3.15,2.61,2.41,1.91
3.91,3.49,3.2,2.64,2.44,1.97
3.86,3.44,3.14,2.58,2.36,1.95
3.85,3.42,3.11,2.55,2.35,1.94
3.77,3.34,3.03,2.49,2.29,1.85
3.78,3.36,3.06,2.53,2.37,1.94
3.89,3.48,3.18,2.64,2.47,1.97
3.88,3.45,3.14,2.62,2.42,1.98
3.93,3.51,3.15,2.62,2.38,1.96
3.87,3.45,3.09,2.56,2.31,1.94
3.79,3.34,2.99,2.47,2.25,1.91
3.77,3.33,2.98,2.5,2.25,1.91
3.78,3.34,3,2.54,2.3,2.01
3.9,3.49,3.17,2.7,2.47,2.08
3.92,3.5,3.22,2.78,2.53,2.11
3.83,3.39,3.1,2.7,2.45,2.08
3.85,3.43,3.12,2.71,2.47,2.09
3.83,3.4,3.09,2.67,2.42,2.07
3.78,3.35,3.02,2.58,2.34,2.05
3.81,3.38,3.09,2.68,2.41,2.07
3.92,3.52,3.24,2.83,2.56,2.15
3.85,3.43,3.15,2.73,2.46,2.11
NA,NA,NA,NA,NA,NA
3.93,3.52,3.25,2.82,2.55,2.15
4.03,3.63,3.36,2.93,2.62,2.21
4.08,3.68,3.41,2.94,2.67,2.16
4.06,3.68,3.41,2.93,2.66,2.22
3.98,3.56,3.28,2.82,2.51,2.17
3.92,3.5,3.21,2.75,2.45,2.14
3.98,3.55,3.26,2.78,2.47,2.14
4.06,3.63,3.34,2.84,2.52,2.15
3.94,3.5,3.2,2.73,2.4,2.12
4.02,3.65,3.41,3.03,2.73,2.29
4.11,3.77,3.54,3.2,2.91,2.53
4.1,3.73,3.49,3.16,2.83,2.47
4.23,3.9,3.68,3.35,3.03,2.62
4.27,3.95,3.73,3.38,3.05,2.64
4.25,3.94,3.73,3.33,3.02,2.68
4.23,3.89,3.66,3.25,2.94,2.58
4.16,3.81,3.57,3.19,2.89,2.53
4.22,3.89,3.67,3.28,2.99,2.58
4.16,3.81,3.57,3.17,2.88,2.49
4.19,3.87,3.65,3.27,2.98,2.57
4.1,3.76,3.52,3.14,2.87,2.53
4.12,3.78,3.54,3.11,2.82,2.48
4.07,3.69,3.44,2.97,2.68,2.39
3.99,3.62,3.36,2.92,2.65,2.35
3.99,3.61,3.34,2.91,2.63,2.36
4.01,3.62,3.33,2.9,2.63,2.38
3.99,3.6,3.31,2.87,2.6,2.35
3.99,3.59,3.28,2.82,2.54,2.3
NA,NA,NA,NA,NA,NA
3.95,3.53,3.23,2.78,2.47,2.26
3.91,3.49,3.19,2.78,2.47,2.26
3.85,3.42,3.11,2.71,2.41,2.21
3.83,3.4,3.1,2.72,2.44,2.2
3.96,3.55,3.27,2.88,2.59,2.3
3.9,3.49,3.2,2.79,2.47,2.23
3.87,3.43,3.12,2.7,2.39,2.15
3.97,3.52,3.2,2.75,2.44,2.16
4.07,3.65,3.35,2.89,2.58,2.26
4.11,3.71,3.42,2.97,2.66,2.26
4.09,3.69,3.41,2.97,2.66,2.3
4.14,3.75,3.48,3.05,2.74,2.33
4.16,3.77,3.51,3.1,2.81,2.4
4.03,3.64,3.37,2.92,2.61,2.26
4.13,3.73,3.45,3.01,2.7,2.35
4.06,3.64,3.34,2.9,2.59,2.28
4.09,3.68,3.39,2.95,2.65,2.36
4.07,3.65,3.36,2.93,2.64,2.33
3.99,3.56,3.25,2.81,2.52,2.27
3.97,3.54,3.23,2.79,2.51,2.25
3.98,3.55,3.23,2.81,2.53,2.27
4.04,3.6,3.28,2.83,2.54,2.26
4.06,3.62,3.3,2.85,2.56,2.26
3.92,3.48,3.16,2.72,2.43,2.17
3.94,3.51,3.21,2.8,2.51,2.19
3.99,3.57,3.27,2.84,2.56,2.27
3.91,3.47,3.16,2.73,2.45,2.18
3.94,3.51,3.21,2.77,2.5,2.19
3.89,3.46,3.15,2.72,2.45,2.14
3.84,3.42,3.11,2.67,2.4,2.12
3.82,3.39,3.07,2.62,2.35,2.15
3.83,3.39,3.07,2.61,2.32,2.11
3.79,3.34,3,2.54,2.25,2.06
3.84,3.4,3.08,2.62,2.33,2.1
3.87,3.45,3.14,2.7,2.42,2.17
3.79,3.36,3.04,2.62,2.33,2.12
3.79,3.37,3.06,2.64,2.35,2.19
3.77,3.34,3.02,2.58,2.31,2.16
3.79,3.42,3.09,2.62,2.37,2.19
3.83,3.45,3.1,2.6,2.36,2.17
NA,NA,NA,NA,NA,NA
3.74,3.37,3,2.51,2.26,2.12
3.71,3.29,2.95,2.48,2.26,2.08
3.64,3.21,2.87,2.41,2.2,2.04
3.66,3.24,2.91,2.44,2.23,2.07
3.66,3.26,2.96,2.49,2.3,2.12
3.62,3.21,2.9,2.43,2.23,2.06
3.65,3.23,2.91,2.42,2.22,2.06
3.64,3.21,2.87,2.38,2.18,2.01
3.74,3.32,2.97,2.45,2.23,2.02
3.47,2.99,2.59,2.01,1.78,1.66
3.48,3.02,2.64,2.12,1.89,1.72
3.41,2.93,2.52,1.91,1.64,1.5
3.54,3.08,2.67,2.05,1.78,1.53
3.78,3.37,3.01,2.42,2.16,2.05
3.83,3.42,3.04,2.41,2.13,2.06
3.85,3.41,3.03,2.4,2.11,2.01
3.8,3.31,2.91,2.26,2.03,1.9
3.88,3.44,3.09,2.42,2.16,1.97
3.85,3.41,3.05,2.38,2.11,1.81
3.61,3.12,2.7,1.96,1.7,1.6
3.85,3.38,2.98,2.28,2,1.78
3.77,3.29,2.87,2.12,1.82,1.72
3.66,3.13,2.68,1.91,1.62,1.45
3.63,3.09,2.64,1.86,1.6,1.41
3.48,2.92,2.45,1.69,1.43,1.23
3.5,2.91,2.45,1.69,1.47,1.27
3.72,3.15,2.7,1.88,1.65,1.28
3.84,3.25,2.79,1.93,1.65,1.33
3.89,3.27,2.77,1.87,1.62,1.08
NA,NA,NA,NA,NA,NA
4.08,3.48,3.01,2.06,1.82,1.22
4.04,3.4,2.9,1.91,1.64,1.14
3.99,3.33,2.84,1.9,1.61,1.29
3.98,3.3,2.83,1.9,1.64,1.34
3.91,3.26,2.82,2,1.71,1.69
3.76,3.08,2.63,1.86,1.58,1.74
3.65,3,2.56,1.79,1.53,1.64
3.63,3,2.57,1.76,1.54,1.61
3.76,3.09,2.64,1.8,1.57,1.6
3.79,3.12,2.67,1.83,1.59,1.57
3.89,3.21,2.75,1.85,1.65,1.53
3.93,3.24,2.77,1.79,1.58,1.41
4,3.3,2.84,1.82,1.59,1.36
4.01,3.29,2.8,1.8,1.56,1.34
3.96,3.21,2.71,1.69,1.45,1.31
3.81,3.06,2.56,1.59,1.39,1.28
3.73,2.99,2.5,1.64,1.36,1.22
3.75,3.01,2.46,1.63,1.28,1.17
3.83,3.11,2.56,1.71,1.33,1.2
3.82,3.06,2.51,1.78,1.27,1.16
NA,NA,NA,NA,NA,NA
3.75,3,2.37,1.6,1.19,1.03
3.84,3.07,2.43,1.62,1.24,1.16
3.72,2.94,2.33,1.53,1.22,1.14
3.68,2.92,2.32,1.53,1.22,1.08
3.53,2.79,2.22,1.44,1.15,1.05
3.38,2.64,2.08,1.36,1.09,0.97
3.1,2.43,1.94,1.2,1,0.87
3.2,2.53,2.02,1.35,1.09,0.83
3.35,2.71,2.24,1.53,1.31,0.95
3.11,2.49,2.06,1.41,1.15,0.95
2.99,2.43,2.01,1.38,1.09,0.93
NA,NA,NA,NA,NA,NA
2.93,2.35,1.93,1.27,1,0.9
2.72,2.13,1.71,1.16,0.9,0.81
2.68,2.08,1.65,1.12,0.9,0.77
2.67,2.03,1.6,1.07,0.87,0.7
2.55,1.93,1.51,1.02,0.82,0.61
2.67,2.09,1.67,1.19,0.93,0.54
2.77,2.17,1.76,1.27,0.97,0.53
2.67,2.03,1.61,1.15,0.84,0.49
2.69,2.05,1.62,1.21,0.86,0.49
2.64,1.99,1.55,1.11,0.79,0.51
2.6,1.98,1.55,1.05,0.78,0.5
2.53,1.92,1.5,1.02,0.75,0.5
2.37,1.77,1.34,0.88,0.65,0.45
2.2,1.7,1.35,0.98,0.73,0.45
2.08,1.59,1.26,0.92,0.68,0.43
2.13,1.66,1.35,1.02,0.74,0.44
2.16,1.7,1.4,1.12,0.87,0.4
2.18,1.81,1.53,1.13,0.9,0.41
2.2,1.83,1.54,1.14,0.9,0.4
NA,NA,NA,NA,NA,NA
2.16,1.8,1.51,1.08,0.89,0.38
2.13,1.75,1.45,0.96,0.78,0.36
2.11,1.76,1.47,0.94,0.75,0.34
2.25,1.87,1.55,1,0.76,0.37
NA,NA,NA,NA,NA,NA
2.46,2.07,1.72,1.14,0.88,0.4
2.49,2.07,1.67,1.08,0.78,0.43
2.51,2.07,1.68,1.1,0.8,0.45
2.52,2.02,1.66,1.15,0.82,0.44
2.47,1.95,1.6,1.16,0.83,0.44
2.43,1.88,1.51,1.11,0.75,0.43
2.34,1.81,1.45,1.09,0.74,0.43
2.33,1.8,1.44,1.07,0.76,0.43
2.24,1.71,1.36,1.03,0.73,0.42
2.23,1.71,1.36,1.01,0.73,0.42
2.36,1.83,1.47,1.05,0.73,0.43
NA,NA,NA,NA,NA,NA
2.4,1.85,1.48,1.06,0.73,0.42
2.56,1.99,1.6,1.12,0.78,0.43
2.62,2.02,1.61,1.11,0.75,0.42
2.65,2.05,1.64,1.16,0.83,0.46
2.7,2.09,1.67,1.21,0.85,0.47
2.59,1.99,1.59,1.15,0.87,0.47
2.71,2.1,1.7,1.22,0.89,0.48
2.87,2.28,1.87,1.34,0.95,0.51
2.87,2.27,1.85,1.32,0.94,0.51
2.76,2.16,1.75,1.27,0.89,0.51
2.89,2.28,1.88,1.37,0.96,0.53
2.95,2.32,1.91,1.42,0.98,0.53
2.95,2.32,1.89,1.4,0.98,0.54
3.05,2.4,1.97,1.44,0.99,0.57
3.07,2.42,1.99,1.5,1.05,0.6
2.9,2.23,1.79,1.31,0.92,0.6
2.78,2.17,1.76,1.32,0.93,0.6
2.75,2.14,1.73,1.28,0.89,0.58
2.89,2.29,1.88,1.37,0.97,0.61
NA,NA,NA,NA,NA,NA
2.64,2.05,1.65,1.22,0.87,0.61
2.74,2.18,1.81,1.33,0.97,0.64
2.85,2.28,1.89,1.38,1.01,0.67
2.78,2.21,1.81,1.3,0.96,0.64
2.78,2.22,1.84,1.34,0.96,0.69
2.8,2.26,1.89,1.37,1.03,0.71
2.95,2.42,2.06,1.49,1.09,0.75
2.98,2.72,2.07,1.5,1.08,0.73
3.02,2.69,1.99,1.4,1,0.72
2.91,2.54,1.86,1.28,0.89,0.67
2.93,2.58,1.87,1.31,0.91,0.68
3.01,2.67,1.97,1.4,0.97,0.71
2.83,2.49,1.82,1.3,0.9,0.66
2.83,2.49,1.83,1.34,0.91,0.67
2.89,2.53,1.9,1.38,0.96,0.69
2.99,2.63,1.99,1.46,1.01,0.71
2.95,2.56,1.96,1.45,1.03,0.71
2.89,2.5,1.92,1.42,1.03,0.7
2.89,2.48,1.87,1.36,0.98,0.67
2.97,2.55,1.91,1.39,1,0.69
3.02,2.64,2,1.45,1.05,0.69
2.51,2.11,1.54,1.14,0.82,0.6
2.61,2.17,1.64,1.21,0.87,0.6
2.65,2.18,1.66,1.23,0.89,0.6
2.68,2.2,1.69,1.25,0.93,0.6
2.68,2.22,1.7,1.24,0.93,0.62
2.81,2.36,1.84,1.35,0.96,0.6
2.76,2.34,1.8,1.29,0.9,0.57
2.78,2.36,1.79,1.27,0.9,0.58
2.73,2.31,1.72,1.2,0.84,0.58
2.71,2.28,1.67,1.15,0.81,0.57
2.68,2.25,1.65,1.16,0.83,0.58
2.77,2.35,1.74,1.25,0.88,0.59
2.91,2.51,1.87,1.36,0.96,0.6
2.95,2.55,1.9,1.37,0.94,0.6
2.93,2.51,1.87,1.33,0.91,0.6
2.86,2.43,1.83,1.34,0.93,0.59
2.96,2.49,1.9,1.36,0.96,0.6
NA,NA,NA,NA,NA,NA
2.88,2.39,1.81,1.27,0.89,0.57
2.8,2.31,1.71,1.21,0.86,0.54
2.82,2.29,1.71,1.22,0.86,0.54
2.86,2.36,1.79,1.27,0.91,0.54
2.98,2.48,1.91,1.36,0.99,0.57
2.88,2.39,1.82,1.27,0.93,0.54
2.94,2.46,1.87,1.32,0.96,0.53
2.98,2.5,1.92,1.36,1,0.52
2.96,2.49,1.89,1.34,0.97,0.49
3.03,2.56,1.96,1.38,0.99,0.5
2.95,2.48,1.87,1.31,0.9,0.49
3.05,2.58,1.97,1.39,0.95,0.52
3.12,2.69,2.01,1.4,0.94,0.5
3.16,2.7,2.02,1.38,0.91,0.49
3.21,2.72,2.03,1.39,0.92,0.49
3.19,2.7,2.03,1.4,0.94,0.52
3.2,2.7,2.05,1.46,0.98,0.53
3.18,2.7,2.06,1.43,0.96,0.51
3.29,2.8,2.15,1.46,1,0.54
3.29,2.78,2.15,1.44,1,0.55
3.17,2.67,2.04,1.34,0.92,0.53
3.17,2.67,2.02,1.34,0.9,0.54
3.11,2.62,1.98,1.31,0.89,0.52
3.1,2.62,1.98,1.3,0.87,0.5
3.14,2.65,2.01,1.3,0.88,0.5
3.22,2.73,2.09,1.36,0.93,0.5
3.25,2.76,2.12,1.37,0.91,0.48
3.19,2.72,2.05,1.31,0.87,0.44
3.35,2.86,2.16,1.36,0.89,0.45
3.45,2.96,2.23,1.39,0.92,0.49
NA,NA,NA,NA,NA,NA
3.5,3.05,2.3,1.45,0.96,0.5
3.71,3.22,2.43,1.5,0.96,0.49
3.67,3.22,2.46,1.52,0.97,0.48
3.47,3.06,2.34,1.42,0.92,0.47
3.71,3.28,2.55,1.52,0.97,0.48
3.65,3.26,2.52,1.52,0.96,0.46
3.56,3.16,2.43,1.47,0.91,0.45
3.72,3.31,2.56,1.54,0.96,0.47
3.84,3.53,2.85,1.88,1.32,0.62
3.91,3.6,2.95,2,1.42,0.62
3.86,3.51,2.86,1.93,1.33,0.56
3.98,3.59,2.93,2,1.38,0.55
3.88,3.49,2.87,1.97,1.35,0.53
3.81,3.46,2.81,1.91,1.3,0.52
3.76,3.39,2.75,1.84,1.26,0.51
3.67,3.32,2.7,1.79,1.23,0.51
3.68,3.33,2.69,1.76,1.19,0.5
3.86,3.51,2.86,1.88,1.28,0.52
3.79,3.45,2.82,1.84,1.25,0.51
3.72,3.37,2.75,1.77,1.17,0.5
3.65,3.31,2.71,1.74,1.14,0.5
3.72,3.39,2.74,1.79,1.19,0.5
3.55,3.22,2.58,1.66,1.12,0.47
3.52,3.18,2.53,1.63,1.1,0.45
3.51,3.18,2.53,1.63,1.11,0.51
3.53,3.19,2.54,1.64,1.11,0.56
3.55,3.2,2.51,1.57,1.05,0.54
3.51,3.14,2.43,1.52,0.98,0.49
NA,NA,NA,NA,NA,NA
3.52,3.12,2.4,1.48,0.96,0.48
3.47,3.08,2.36,1.52,0.98,0.46
3.33,2.9,2.23,1.42,0.91,0.45
3.44,3.01,2.33,1.46,0.94,0.47
3.32,2.89,2.22,1.4,0.91,0.45
3.38,2.94,2.27,1.41,0.92,0.47
3.5,3.05,2.37,1.48,0.97,0.47
3.63,3.19,2.52,1.6,1.03,0.5
3.59,3.13,2.46,1.54,1,0.47
3.67,3.21,2.52,1.58,1.02,0.48
3.61,3.14,2.46,1.54,0.99,0.47
3.5,3.03,2.36,1.47,0.96,0.46
3.58,3.11,2.43,1.5,0.98,0.47
3.72,3.28,2.6,1.62,1.08,0.49
3.7,3.25,2.57,1.59,1.05,0.47
3.75,3.31,2.63,1.63,1.08,0.49
3.72,3.3,2.63,1.66,1.12,0.49
3.69,3.31,2.69,1.72,1.17,0.5
3.67,3.31,2.66,1.73,1.19,0.48
3.52,3.14,2.53,1.62,1.13,0.48
3.66,3.3,2.66,1.72,1.18,0.48
3.7,3.32,2.68,1.75,1.2,0.47
3.8,3.4,2.73,1.78,1.23,0.49
3.79,3.39,2.73,1.77,1.22,0.48
3.89,3.5,2.84,1.87,1.32,0.52
3.8,3.4,2.75,1.79,1.24,0.49
3.71,3.32,2.69,1.78,1.21,0.48
3.72,3.35,2.7,1.76,1.18,0.47
3.59,3.22,2.58,1.66,1.12,0.45
3.55,3.17,2.51,1.61,1.07,0.44
3.48,3.09,2.43,1.54,1.04,0.45
3.51,3.13,2.48,1.57,1.06,0.43
3.45,3.07,2.43,1.52,1.01,0.43
3.42,3.06,2.43,1.53,1.03,0.42
3.56,3.21,2.58,1.65,1.13,0.45
3.48,3.13,2.5,1.57,1.05,0.44
3.45,3.1,2.48,1.56,1.05,0.47
3.44,3.09,2.46,1.57,1.06,0.45
3.47,3.12,2.48,1.58,1.04,0.46
3.46,3.09,2.46,1.55,1.01,0.44
3.4,3.03,2.39,1.49,0.97,0.43
3.38,2.99,2.33,1.44,0.92,0.43
3.29,2.91,2.26,1.39,0.89,0.41
3.33,2.95,2.29,1.42,0.91,0.42
3.45,3.06,2.36,1.46,0.94,0.42
NA,NA,NA,NA,NA,NA
3.47,3.06,2.38,1.49,0.93,0.41
3.48,3.07,2.38,1.48,0.93,0.4
3.36,2.95,2.29,1.42,0.9,0.4
3.34,2.93,2.29,1.42,0.9,0.39
3.42,3.01,2.37,1.46,0.94,0.4
3.47,3.07,2.41,1.49,0.96,0.39
3.48,3.11,2.46,1.55,1.01,0.38
3.42,3.04,2.41,1.51,0.98,0.4
3.49,3.12,2.49,1.57,1.03,0.41
3.49,3.11,2.47,1.56,1.02,0.4
3.46,3.09,2.45,1.54,1.02,0.42
3.44,3.05,2.4,1.49,0.96,0.41
3.4,3.03,2.37,1.45,0.93,0.39
3.34,2.98,2.36,1.49,0.98,0.41
3.31,2.95,2.33,1.47,0.98,0.4
3.31,2.94,2.34,1.48,1,0.41
3.31,2.93,2.31,1.45,0.95,0.4
3.21,2.82,2.2,1.36,0.87,0.37
3.24,2.83,2.22,1.38,0.88,0.37
3.24,2.82,2.21,1.38,0.88,0.36
3.27,2.85,2.25,1.43,0.91,0.37
3.21,2.77,2.16,1.35,0.87,0.34
3.27,2.83,2.22,1.4,0.9,0.35
3.4,2.98,2.36,1.5,0.98,0.38
NA,NA,NA,NA,NA,NA
3.34,2.9,2.28,1.42,0.91,0.35
3.45,3.01,2.36,1.47,0.96,0.35
3.49,3.05,2.41,1.5,0.97,0.36
3.43,2.99,2.37,1.49,0.97,0.36
3.41,2.98,2.36,1.5,0.99,0.38
3.35,2.93,2.3,1.44,0.95,0.39
3.42,3.01,2.38,1.51,1,0.4
3.44,3.03,2.39,1.5,0.97,0.38
3.51,3.1,2.46,1.57,1.04,0.4
3.59,3.17,2.53,1.61,1.06,0.41
3.49,3.05,2.41,1.51,0.99,0.39
3.44,3.01,2.37,1.47,0.95,0.39
3.53,3.12,2.44,1.52,0.98,0.4
3.41,2.98,2.31,1.43,0.9,0.37
3.45,3,2.33,1.44,0.92,0.38
3.5,3.05,2.36,1.46,0.92,0.38
3.57,3.09,2.39,1.46,0.91,0.36
3.57,3.06,2.35,1.44,0.9,0.36
3.54,3.02,2.3,1.4,0.86,0.34
3.52,3.01,2.31,1.4,0.87,0.34
3.5,3.01,2.31,1.39,0.85,0.33
NA,NA,NA,NA,NA,NA
3.45,2.98,2.28,1.36,0.82,0.32
3.43,2.97,2.28,1.34,0.82,0.32
3.33,2.87,2.19,1.28,0.78,0.31
3.33,2.87,2.19,1.28,0.78,0.32
3.36,2.9,2.21,1.27,0.77,0.29
3.35,2.88,2.18,1.24,0.73,0.27
3.36,2.9,2.2,1.25,0.75,0.27
3.37,2.9,2.2,1.28,0.77,0.29
3.32,2.82,2.15,1.22,0.73,0.28
3.28,2.78,2.11,1.23,0.73,0.26
NA,NA,NA,NA,NA,NA
3.21,2.71,2.03,1.15,0.68,0.26
3.21,2.69,2.01,1.12,0.67,0.27
3.28,2.74,2.03,1.14,0.67,0.26
3.32,2.8,2.09,1.19,0.72,0.28
3.39,2.87,2.14,1.23,0.74,0.3
3.48,2.97,2.24,1.34,0.84,0.36
3.44,2.92,2.19,1.26,0.78,0.32
3.4,2.86,2.12,1.21,0.73,0.29
3.45,2.89,2.15,1.23,0.76,0.31
3.49,2.95,2.19,1.26,0.78,0.32
3.55,3.02,2.26,1.3,0.83,0.35
3.56,3.04,2.3,1.35,0.87,0.37
3.6,3.08,2.35,1.38,0.88,0.41
3.61,3.09,2.35,1.36,0.85,0.38
3.5,2.97,2.24,1.27,0.77,0.35
3.55,3.04,2.3,1.32,0.82,0.36
3.69,3.18,2.43,1.42,0.89,0.4
3.76,3.24,2.49,1.48,0.95,0.41
3.77,3.26,2.51,1.51,0.96,0.41
3.82,3.32,2.57,1.56,1,0.43
NA,NA,NA,NA,NA,NA
3.85,3.34,2.62,1.63,1.09,0.47
3.82,3.33,2.62,1.64,1.09,0.47
3.8,3.34,2.61,1.65,1.08,0.45
3.85,3.39,2.69,1.7,1.14,0.47
NA,NA,NA,NA,NA,NA
3.85,3.36,2.65,1.66,1.09,0.45
3.77,3.28,2.56,1.57,1.01,0.41
3.85,3.33,2.6,1.6,1.01,0.4
3.85,3.33,2.62,1.62,1.03,0.4
3.83,3.31,2.57,1.56,0.96,0.37
3.85,3.32,2.58,1.55,0.95,0.35
3.74,3.22,2.49,1.5,0.92,0.34
3.8,3.28,2.55,1.54,0.97,0.37
3.76,3.23,2.51,1.49,0.94,0.34
3.7,3.17,2.44,1.44,0.89,0.33
NA,NA,NA,NA,NA,NA
3.73,3.2,2.48,1.48,0.93,0.33
3.68,3.16,2.45,1.46,0.92,0.31
3.62,3.09,2.38,1.41,0.87,0.31
3.62,3.09,2.37,1.39,0.84,0.3
3.66,3.12,2.39,1.4,0.86,0.3
3.65,3.11,2.38,1.4,0.87,0.32
3.66,3.14,2.43,1.46,0.9,0.33
3.68,3.15,2.41,1.44,0.87,0.31
3.63,3.08,2.34,1.38,0.82,0.3
3.68,3.12,2.38,1.41,0.86,0.33
3.67,3.11,2.37,1.41,0.86,0.33
3.73,3.16,2.4,1.44,0.88,0.35
3.62,3.06,2.29,1.34,0.8,0.32
3.59,3,2.23,1.28,0.77,0.31
3.62,3.03,2.26,1.3,0.79,0.32
3.67,3.08,2.32,1.37,0.84,0.34
3.72,3.14,2.39,1.44,0.91,0.38
3.73,3.15,2.39,1.43,0.91,0.38
3.69,3.11,2.35,1.38,0.84,0.35
NA,NA,NA,NA,NA,NA
3.66,3.08,2.32,1.36,0.82,0.34
3.74,3.16,2.4,1.42,0.87,0.35
3.79,3.23,2.46,1.47,0.9,0.37
3.78,3.24,2.48,1.51,0.95,0.39
3.8,3.25,2.47,1.48,0.91,0.37
3.69,3.13,2.37,1.42,0.87,0.36
3.7,3.14,2.4,1.42,0.87,0.34
3.64,3.09,2.33,1.38,0.82,0.32
3.61,3.05,2.3,1.36,0.81,0.32
3.61,3.04,2.28,1.34,0.8,0.32
3.62,3.04,2.27,1.33,0.8,0.32
3.63,3.04,2.27,1.34,0.82,0.33
3.61,3.03,2.28,1.38,0.86,0.35
3.69,3.1,2.35,1.43,0.91,0.38
3.72,3.13,2.36,1.43,0.9,0.39
3.71,3.11,2.34,1.43,0.89,0.37
3.73,3.14,2.39,1.45,0.92,0.39
3.73,3.16,2.43,1.5,0.97,0.4
3.71,3.15,2.42,1.5,0.97,0.41
3.71,3.15,2.42,1.49,0.96,0.4
3.66,3.1,2.37,1.47,0.93,0.41
3.65,3.1,2.38,1.47,0.95,0.41
3.68,3.14,2.44,1.52,0.98,0.41
3.7,3.16,2.48,1.56,1.02,0.42
3.67,3.12,2.43,1.54,1.01,0.41
3.69,3.13,2.44,1.55,1.02,0.4
3.84,3.28,2.62,1.67,1.08,0.44
3.91,3.37,2.65,1.69,1.1,0.44
3.86,3.31,2.59,1.64,1.04,0.43
3.88,3.32,2.6,1.65,1.04,0.42
3.88,3.32,2.6,1.65,1.06,0.44
3.84,3.28,2.55,1.6,1.02,0.41
3.89,3.32,2.59,1.63,1.05,0.42
3.96,3.4,2.67,1.7,1.11,0.46
4.01,3.46,2.75,1.77,1.18,0.48
3.98,3.42,2.71,1.74,1.14,0.49
3.89,3.33,2.62,1.66,1.06,0.47
3.91,3.36,2.64,1.68,1.09,0.46
3.9,3.34,2.65,1.68,1.08,0.46
3.87,3.29,2.6,1.65,1.07,0.46
3.84,3.27,2.58,1.65,1.07,0.45
3.88,3.31,2.61,1.65,1.07,0.45
3.86,3.28,2.57,1.62,1.04,0.43
3.79,3.2,2.49,1.56,0.98,0.41
3.83,3.25,2.54,1.59,1.01,0.43
3.82,3.25,2.56,1.62,1.05,0.42
3.77,3.2,2.52,1.6,1.03,0.44
3.8,3.26,2.57,1.64,1.07,0.45
3.84,3.3,2.61,1.68,1.1,0.46
3.83,3.28,2.6,1.67,1.09,0.47
3.71,3.14,2.46,1.55,1.03,0.42
3.8,3.23,2.53,1.61,1.03,0.43
3.76,3.19,2.49,1.58,1.01,0.42
3.69,3.12,2.43,1.51,0.97,0.41
3.72,3.16,2.47,1.56,1,0.43
3.63,3.07,2.38,1.49,0.96,0.43
3.58,3,2.31,1.43,0.88,0.39
3.41,2.83,2.13,1.27,0.75,0.34
3.45,2.87,2.17,1.32,0.83,0.38
3.57,2.98,2.27,1.4,0.87,0.39
3.56,2.97,2.26,1.37,0.85,0.38
3.56,3.01,2.29,1.4,0.89,0.4
3.55,2.98,2.27,1.37,0.87,0.4
3.44,2.87,2.16,1.28,0.79,0.34
3.47,2.9,2.2,1.3,0.81,0.36
3.38,2.82,2.11,1.23,0.76,0.35
3.36,2.82,2.13,1.26,0.8,0.35
3.25,2.71,2.04,1.2,0.76,0.34
3.2,2.67,2.02,1.19,0.76,0.35
3.23,2.69,2.04,1.21,0.77,0.35
3.18,2.63,2.01,1.21,0.81,0.36
3.21,2.68,2.06,1.28,0.82,0.37
3.34,2.81,2.18,1.35,0.87,0.37
3.31,2.75,2.1,1.26,0.76,0.34
NA,NA,NA,NA,NA,NA
3.29,2.74,2.09,1.26,0.78,0.35
3.35,2.81,2.14,1.3,0.82,0.38
3.39,2.84,2.17,1.31,0.82,0.38
3.2,2.65,1.98,1.17,0.72,0.34
3.17,2.62,1.95,1.17,0.74,0.35
3.18,2.63,1.98,1.21,0.74,0.34
3.2,2.64,1.99,1.19,0.74,0.33
3.33,2.78,2.12,1.27,0.79,0.34
3.24,2.68,2.03,1.21,0.75,0.3
3.28,2.73,2.07,1.23,0.77,0.31
3.32,2.77,2.1,1.26,0.79,0.31
3.27,2.73,2.06,1.22,0.75,0.3
3.21,2.67,2.01,1.18,0.72,0.28
3.24,2.7,2.04,1.2,0.74,0.3
3.26,2.72,2.05,1.21,0.74,0.29
3.18,2.64,1.98,1.15,0.71,0.29
3.13,2.58,1.93,1.11,0.66,0.3
3.14,2.59,1.93,1.1,0.67,0.29
3.12,2.57,1.9,1.07,0.65,0.29
3.05,2.49,1.83,1.03,0.62,0.3
2.97,2.43,1.78,0.99,0.61,0.31
2.97,2.42,1.79,1,0.61,0.32
2.96,2.43,1.8,1.01,0.63,0.32
3,2.46,1.82,1.04,0.63,0.31
NA,NA,NA,NA,NA,NA
2.95,2.4,1.76,1,0.62,0.32
3,2.45,1.79,1.01,0.63,0.31
3.04,2.48,1.8,1.01,0.63,0.3
3.07,2.52,1.85,1.03,0.63,0.3
3.08,2.51,1.85,1.06,0.65,0.3
3.15,2.57,1.9,1.09,0.67,0.3
3.07,2.49,1.82,1.02,0.62,0.27
3,2.43,1.76,0.98,0.61,0.27
2.96,2.37,1.7,0.94,0.61,0.28
2.99,2.4,1.73,0.95,0.61,0.28
2.98,2.39,1.71,0.94,0.61,0.27
2.9,2.32,1.66,0.91,0.58,0.27
2.96,2.38,1.69,0.92,0.6,0.27
3.02,2.43,1.75,0.94,0.6,0.27
3.03,2.45,1.76,0.97,0.62,0.29
3.08,2.51,1.82,1.02,0.65,0.3
3.03,2.43,1.75,0.95,0.61,0.3
3.03,2.4,1.7,0.92,0.59,0.3
2.94,2.3,1.6,0.84,0.55,0.29
2.99,2.35,1.64,0.85,0.56,0.28
2.94,2.27,1.55,0.8,0.53,0.27
2.98,2.33,1.62,0.86,0.56,0.28
2.94,2.28,1.57,0.81,0.53,0.27
2.86,2.21,1.51,0.78,0.5,0.25
2.86,2.21,1.54,0.81,0.54,0.26
2.79,2.14,1.46,0.78,0.52,0.25
2.72,2.08,1.44,0.78,0.54,0.25
2.74,2.11,1.48,0.81,0.55,0.25
2.68,2.07,1.47,0.81,0.54,0.26
2.58,2,1.4,0.76,0.51,0.25
2.64,2.06,1.44,0.78,0.52,0.26
2.64,2.06,1.46,0.77,0.51,0.25
2.58,2.02,1.41,0.74,0.49,0.25
2.62,2.07,1.47,0.78,0.49,0.26
2.6,2.04,1.43,0.76,0.49,0.25
2.5,1.95,1.36,0.72,0.5,0.27
2.54,2,1.4,0.77,0.53,0.26
2.5,1.97,1.38,0.77,0.51,0.25
2.66,2.09,1.49,0.83,0.56,0.27
2.54,1.98,1.39,0.75,0.5,0.26
2.47,1.92,1.33,0.72,0.47,0.25
2.58,2.02,1.41,0.75,0.5,0.25
2.63,2.06,1.43,0.76,0.5,0.25
2.72,2.14,1.49,0.81,0.52,0.25
NA,NA,NA,NA,NA,NA
2.61,2.04,1.41,0.77,0.49,0.25
2.66,2.09,1.46,0.8,0.52,0.24
2.77,2.2,1.57,0.87,0.57,0.26
2.81,2.24,1.59,0.88,0.58,0.27
2.74,2.15,1.51,0.82,0.53,0.26
2.68,2.09,1.43,0.77,0.5,0.26
2.74,2.13,1.46,0.77,0.5,0.26
2.77,2.17,1.48,0.77,0.48,0.25
2.75,2.14,1.46,0.75,0.48,0.26
2.72,2.1,1.43,0.73,0.47,0.26
2.61,1.99,1.34,0.68,0.43,0.26
2.56,1.96,1.33,0.68,0.44,0.25
2.56,1.96,1.34,0.67,0.45,0.25
2.62,2.01,1.37,0.69,0.45,0.25
2.54,1.92,1.31,0.66,0.44,0.26
2.48,1.85,1.25,0.64,0.37,0.26
2.52,1.91,1.28,0.67,0.44,0.27
2.53,1.91,1.27,0.64,0.42,0.27
2.54,1.9,1.26,0.63,0.42,0.26
2.5,1.86,1.23,0.62,0.41,0.26
2.5,1.83,1.21,0.6,0.41,0.25
2.41,1.77,1.16,0.57,0.38,0.24
2.41,1.76,1.14,0.54,0.36,0.23
2.41,1.75,1.11,0.54,0.35,0.21
NA,NA,NA,NA,NA,NA
2.44,1.77,1.14,0.59,0.37,0.21
2.46,1.77,1.13,0.57,0.37,0.22
2.52,1.83,1.18,0.6,0.38,0.22
2.59,1.88,1.2,0.59,0.37,0.22
2.52,1.81,1.14,0.55,0.38,0.23
2.5,1.79,1.11,0.54,0.37,0.22
2.51,1.79,1.11,0.52,0.35,0.22
2.57,1.85,1.15,0.52,0.37,0.22
2.59,1.88,1.17,0.54,0.35,0.21
2.59,1.89,1.2,0.55,0.37,0.23
2.67,1.98,1.27,0.59,0.4,0.23
2.75,2.06,1.34,0.64,0.4,0.23
2.69,1.97,1.23,0.56,0.37,0.23
2.63,1.89,1.17,0.51,0.34,0.22
2.66,1.9,1.17,0.5,0.34,0.22
2.63,1.87,1.15,0.51,0.34,0.22
2.67,1.85,1.11,0.49,0.34,0.22
2.53,1.73,1.04,0.45,0.33,0.21
2.58,1.77,1.1,0.51,0.38,0.22
2.6,1.78,1.13,0.59,0.41,0.22
2.72,1.91,1.27,0.66,0.46,0.24
2.65,1.84,1.23,0.63,0.44,0.24
NA,NA,NA,NA,NA,NA
2.76,1.98,1.35,0.73,0.51,0.27
2.92,2.16,1.51,0.81,0.53,0.29
2.85,2.13,1.49,0.79,0.51,0.27
2.89,2.16,1.49,0.77,0.5,0.26
2.9,2.2,1.51,0.77,0.52,0.26
2.88,2.2,1.54,0.78,0.52,0.27
2.8,2.11,1.44,0.72,0.49,0.26
2.77,2.08,1.4,0.69,0.45,0.26
2.93,2.24,1.56,0.81,0.53,0.28
NA,NA,NA,NA,NA,NA
2.87,2.21,1.53,0.78,0.51,0.28
2.84,2.19,1.51,0.77,0.52,0.28
2.81,2.16,1.47,0.72,0.45,0.27
2.97,2.33,1.64,0.84,0.53,0.28
3.01,2.37,1.68,0.86,0.55,0.29
3.03,2.36,1.64,0.8,0.49,0.26
2.95,2.26,1.53,0.73,0.42,0.26
3.15,2.51,1.74,0.87,0.54,0.28
3.26,2.62,1.87,0.97,0.63,0.3
3.23,2.62,1.9,0.99,0.64,0.3
3.32,2.7,1.98,1.03,0.64,0.29
3.29,2.64,1.91,0.98,0.61,0.29
3.49,2.84,2.08,1.06,0.66,0.3
3.53,2.88,2.11,1.08,0.68,0.3
3.47,2.81,2.06,1.05,0.66,0.31
3.33,2.69,1.97,0.99,0.61,0.3
3.36,2.72,1.99,1.01,0.62,0.3
3.35,2.71,1.99,1.02,0.63,0.3
3.36,2.74,2.02,1.05,0.65,0.3
3.41,2.8,2.09,1.1,0.67,0.3
NA,NA,NA,NA,NA,NA
3.36,2.76,2.08,1.11,0.71,0.32
3.5,2.89,2.18,1.17,0.75,0.31
3.35,2.75,2.03,1.05,0.64,0.3
3.38,2.76,2.06,1.07,0.66,0.29
3.3,2.71,2.01,1.02,0.61,0.29
3.36,2.74,2.02,1.03,0.61,0.29
3.36,2.72,2.01,1.04,0.63,0.28
3.5,2.86,2.14,1.16,0.71,0.31
3.44,2.8,2.09,1.11,0.68,0.3
3.34,2.69,1.96,1.02,0.6,0.29
3.32,2.65,1.93,0.99,0.59,0.29
3.37,2.7,1.98,1.03,0.6,0.28
3.4,2.71,1.99,1.03,0.61,0.26
3.34,2.65,1.93,1,0.59,0.26
3.35,2.66,1.95,1,0.59,0.27
NA,NA,NA,NA,NA,NA
3.39,2.7,1.97,1,0.6,0.26
3.37,2.69,1.95,0.98,0.6,0.27
3.47,2.81,2.06,1.07,0.65,0.27
3.44,2.77,2.04,1.05,0.63,0.27
3.43,2.76,2.03,1.05,0.65,0.28
3.35,2.68,1.96,1,0.62,0.27
3.45,2.76,2.03,1.05,0.62,0.27
3.42,2.75,1.98,1,0.59,0.25
3.36,2.66,1.92,0.96,0.54,0.24
3.42,2.71,1.95,0.98,0.58,0.26
3.48,2.79,2.02,1.04,0.61,0.27
3.52,2.84,2.1,1.12,0.67,0.28
3.58,2.92,2.18,1.19,0.71,0.29
3.68,3.01,2.27,1.25,0.77,0.31
3.68,3.03,2.29,1.28,0.78,0.31
3.75,3.12,2.39,1.4,0.86,0.31
3.65,3.05,2.33,1.34,0.81,0.3
3.7,3.1,2.4,1.4,0.85,0.3
3.64,3.05,2.38,1.4,0.85,0.3
3.62,3.04,2.37,1.41,0.87,0.3
3.61,3.03,2.35,1.39,0.84,0.3
3.62,3.04,2.37,1.4,0.86,0.29
3.58,2.99,2.3,1.33,0.8,0.27
3.59,2.99,2.3,1.32,0.78,0.28
NA,NA,NA,NA,NA,NA
3.46,2.85,2.16,1.22,0.74,0.28
3.49,2.89,2.21,1.25,0.74,0.27
3.46,2.87,2.19,1.24,0.73,0.26
3.42,2.84,2.16,1.22,0.72,0.27
3.42,2.82,2.13,1.18,0.69,0.25
3.41,2.81,2.11,1.15,0.66,0.25
3.46,2.86,2.16,1.18,0.69,0.26
3.58,3,2.3,1.32,0.79,0.29
3.49,2.88,2.17,1.2,0.68,0.26
3.51,2.9,2.19,1.22,0.7,0.25
3.56,2.93,2.22,1.27,0.73,0.26
3.48,2.86,2.16,1.21,0.7,0.26
3.37,2.74,2.05,1.13,0.65,0.25
3.4,2.76,2.06,1.12,0.64,0.24
3.36,2.7,2,1.07,0.61,0.22
3.33,2.68,2,1.08,0.63,0.23
3.22,2.56,1.87,0.98,0.58,0.21
3.25,2.59,1.91,1.02,0.6,0.24
3.28,2.64,1.96,1.05,0.61,0.23
3.34,2.72,2.04,1.12,0.67,0.25
3.34,2.73,2.07,1.14,0.68,0.25
3.36,2.75,2.07,1.13,0.69,0.24
3.42,2.82,2.14,1.19,0.72,0.26
3.46,2.87,2.2,1.26,0.79,0.3
3.47,2.89,2.23,1.29,0.81,0.3
3.5,2.92,2.25,1.31,0.81,0.31
3.47,2.87,2.21,1.28,0.8,0.3
3.47,2.9,2.24,1.29,0.8,0.3
3.46,2.9,2.24,1.31,0.8,0.27
3.45,2.86,2.2,1.24,0.77,0.24
3.5,2.93,2.28,1.33,0.84,0.3
3.56,2.98,2.32,1.36,0.85,0.29
3.58,2.97,2.29,1.31,0.81,0.27
3.59,2.99,2.31,1.34,0.83,0.27
3.59,2.98,2.31,1.35,0.85,0.26
3.52,2.89,2.22,1.28,0.77,0.24
3.49,2.86,2.19,1.26,0.75,0.23
3.51,2.88,2.23,1.27,0.77,0.25
3.43,2.81,2.14,1.2,0.71,0.24
3.4,2.77,2.09,1.14,0.69,0.24
3.39,2.76,2.09,1.13,0.68,0.24
3.43,2.81,2.15,1.17,0.69,0.24
3.42,2.79,2.14,1.16,0.68,0.23
NA,NA,NA,NA,NA,NA
3.39,2.76,2.1,1.13,0.67,0.23
3.34,2.71,2.05,1.09,0.65,0.22
3.39,2.74,2.06,1.09,0.65,0.22
3.34,2.69,2,1.03,0.62,0.23
3.32,2.66,1.97,1.01,0.61,0.22
3.31,2.66,1.96,1.01,0.61,0.22
3.28,2.64,1.96,1.01,0.61,0.2
3.25,2.61,1.95,1,0.6,0.19
3.18,2.54,1.88,0.97,0.58,0.2
3.19,2.54,1.87,0.96,0.57,0.18
3.17,2.51,1.84,0.94,0.57,0.17
3.23,2.57,1.91,1.03,0.59,0.19
3.19,2.53,1.87,0.96,0.56,0.18
3.22,2.56,1.89,0.98,0.57,0.18
3.18,2.53,1.86,0.96,0.57,0.19
3.15,2.5,1.83,0.93,0.54,0.18
3.12,2.47,1.8,0.91,0.55,0.19
3.18,2.53,1.87,0.97,0.58,0.19
3.17,2.53,1.85,0.94,0.55,0.19
3.15,2.5,1.82,0.92,0.55,0.18
3.13,2.47,1.8,0.91,0.55,0.2
3.12,2.47,1.81,0.91,0.56,0.2
3.13,2.47,1.81,0.9,0.54,0.18
3.07,2.4,1.72,0.83,0.48,0.18
3.07,2.39,1.71,0.81,0.48,0.18
NA,NA,NA,NA,NA,NA
3.05,2.37,1.68,0.79,0.45,0.18
2.96,2.28,1.6,0.74,0.44,0.18
3.04,2.34,1.65,0.78,0.45,0.19
2.99,2.28,1.6,0.75,0.42,0.18
3.01,2.29,1.6,0.74,0.43,0.18
3.01,2.29,1.59,0.74,0.39,0.18
2.98,2.24,1.52,0.68,0.39,0.18
3.01,2.3,1.6,0.73,0.43,0.19
2.99,2.28,1.58,0.71,0.41,0.19
3,2.3,1.59,0.72,0.4,0.18
3.11,2.41,1.7,0.79,0.45,0.19
2.98,2.26,1.55,0.68,0.38,0.19
2.93,2.22,1.52,0.68,0.38,0.18
2.94,2.23,1.53,0.68,0.38,0.17
2.97,2.25,1.55,0.68,0.38,0.18
2.99,2.27,1.57,0.69,0.4,0.18
3.01,2.29,1.58,0.68,0.39,0.16
2.93,2.19,1.48,0.62,0.35,0.15
2.88,2.13,1.4,0.57,0.35,0.16
2.95,2.19,1.47,0.64,0.41,0.18
3.05,2.33,1.62,0.75,0.48,0.21
3.14,2.44,1.7,0.79,0.47,0.19
3.18,2.5,1.76,0.81,0.45,0.19
3.22,2.54,1.8,0.85,0.5,0.2
NA,NA,NA,NA,NA,NA
3.16,2.46,1.7,0.77,0.44,0.19
3.12,2.41,1.66,0.75,0.43,0.19
3.17,2.48,1.74,0.83,0.49,0.2
3.03,2.32,1.57,0.7,0.4,0.17
2.94,2.22,1.49,0.64,0.37,0.17
2.92,2.2,1.47,0.63,0.37,0.18
2.92,2.18,1.45,0.62,0.37,0.16
2.98,2.24,1.51,0.66,0.38,0.15
2.94,2.19,1.46,0.62,0.37,0.15
2.94,2.18,1.45,0.62,0.37,0.15
2.91,2.17,1.45,0.63,0.39,0.17
2.96,2.22,1.49,0.64,0.4,0.19
3.03,2.3,1.56,0.69,0.4,0.2
2.99,2.26,1.53,0.66,0.4,0.2
3.03,2.29,1.55,0.69,0.42,0.2
2.99,2.25,1.51,0.66,0.41,0.21
3.01,2.28,1.56,0.71,0.44,0.21
2.98,2.26,1.52,0.68,0.42,0.21
2.82,2.09,1.35,0.55,0.36,0.2
2.77,2.05,1.32,0.55,0.38,0.22
2.66,1.94,1.23,0.5,0.33,0.17
2.64,1.94,1.25,0.52,0.33,0.16
2.47,1.78,1.12,0.44,0.27,0.12
2.58,1.91,1.23,0.49,0.28,0.11
2.4,1.75,1.11,0.45,0.27,0.12
2.2,1.53,0.91,0.33,0.19,0.11
2.17,1.52,0.93,0.33,0.19,0.09
2.34,1.65,1.02,0.34,0.19,0.1
2.24,1.56,0.96,0.32,0.2,0.11
2.29,1.6,0.99,0.34,0.19,0.12
2.23,1.54,0.95,0.33,0.2,0.12
2.17,1.48,0.92,0.33,0.19,0.12
2.08,1.43,0.9,0.33,0.2,0.1
2.07,1.43,0.9,0.34,0.2,0.1
2.1,1.47,0.94,0.37,0.22,0.09
2.15,1.5,0.95,0.38,0.22,0.1
2.29,1.62,1.05,0.41,0.23,0.11
2.23,1.57,0.98,0.37,0.22,0.1
2.19,1.52,0.94,0.33,0.2,0.09
2.28,1.6,0.99,0.35,0.2,0.09
2.19,1.52,0.94,0.33,0.2,0.09
2.23,1.56,0.96,0.33,0.2,0.1
2.15,1.49,0.9,0.31,0.19,0.1
2.02,1.41,0.88,0.33,0.2,0.1
NA,NA,NA,NA,NA,NA
1.98,1.4,0.88,0.33,0.21,0.13
2.05,1.45,0.92,0.34,0.21,0.11
2,1.41,0.88,0.33,0.19,0.12
1.93,1.34,0.81,0.31,0.17,0.11
1.94,1.38,0.87,0.35,0.21,0.11
2,1.42,0.89,0.35,0.21,0.1
2.03,1.45,0.91,0.35,0.19,0.09
2.09,1.51,0.95,0.35,0.21,0.1
2.08,1.5,0.94,0.33,0.18,0.09
1.97,1.4,0.85,0.29,0.16,0.08
1.95,1.39,0.85,0.3,0.18,0.09
1.88,1.36,0.88,0.37,0.21,0.11
1.72,1.24,0.79,0.34,0.2,0.1
1.84,1.35,0.89,0.37,0.23,0.1
1.91,1.41,0.92,0.39,0.25,0.1
2,1.49,0.97,0.42,0.25,0.1
2.03,1.5,0.99,0.42,0.27,0.12
1.99,1.48,0.98,0.43,0.27,0.11
1.92,1.43,0.96,0.42,0.25,0.13
1.8,1.33,0.87,0.39,0.24,0.12
1.81,1.35,0.9,0.4,0.25,0.11
1.92,1.45,0.96,0.43,0.25,0.1
2.01,1.52,1.01,0.46,0.29,0.09
2.1,1.61,1.08,0.5,0.3,0.11
NA,NA,NA,NA,NA,NA
2.18,1.68,1.14,0.54,0.32,0.12
2.24,1.72,1.17,0.54,0.29,0.09
2.19,1.67,1.11,0.51,0.29,0.11
2.26,1.71,1.12,0.5,0.28,0.11
2.18,1.65,1.08,0.48,0.28,0.12
2.19,1.64,1.07,0.47,0.28,0.12
2.18,1.62,1.05,0.46,0.28,0.11
2.2,1.64,1.07,0.46,0.28,0.12
2.23,1.66,1.08,0.46,0.3,0.12
2.25,1.7,1.1,0.47,0.3,0.11
2.14,1.6,1.01,0.43,0.26,0.11
2.23,1.68,1.09,0.48,0.28,0.13
2.42,1.83,1.2,0.53,0.31,0.14
2.34,1.74,1.13,0.5,0.28,0.13
2.17,1.58,0.99,0.41,0.25,0.12
2.01,1.45,0.9,0.38,0.23,0.13
2.03,1.44,0.89,0.37,0.23,0.11
2.09,1.48,0.91,0.39,0.24,0.11
2.06,1.45,0.88,0.37,0.22,0.11
2.04,1.44,0.88,0.38,0.25,0.09
2.1,1.5,0.92,0.39,0.25,0.1
2,1.41,0.88,0.37,0.24,0.1
2.04,1.45,0.9,0.38,0.24,0.1
NA,NA,NA,NA,NA,NA
2.04,1.46,0.91,0.39,0.24,0.09
2.06,1.48,0.93,0.4,0.26,0.11
2.01,1.44,0.9,0.4,0.26,0.11
1.96,1.41,0.88,0.4,0.27,0.1
2.01,1.48,0.94,0.43,0.29,0.12
1.97,1.45,0.92,0.41,0.27,0.11
1.94,1.42,0.91,0.4,0.26,0.11
1.89,1.38,0.88,0.4,0.26,0.12
NA,NA,NA,NA,NA,NA
1.97,1.45,0.93,0.41,0.28,0.13
1.97,1.44,0.91,0.39,0.26,0.13
2,1.48,0.93,0.4,0.27,0.14
2.08,1.53,0.96,0.41,0.25,0.12
2.11,1.55,0.97,0.41,0.27,0.12
2.05,1.49,0.92,0.39,0.25,0.12
2.04,1.49,0.93,0.4,0.27,0.11
2.08,1.52,0.94,0.41,0.25,0.11
2.02,1.46,0.89,0.36,0.24,0.11
1.99,1.41,0.86,0.35,0.22,0.1
2.07,1.48,0.89,0.37,0.22,0.11
2.03,1.45,0.87,0.36,0.24,0.1
1.96,1.4,0.85,0.35,0.24,0.11
1.92,1.38,0.86,0.36,0.25,0.12
1.92,1.38,0.86,0.37,0.26,0.12
1.86,1.32,0.81,0.35,0.24,0.11
1.82,1.3,0.82,0.36,0.24,0.11
1.94,1.39,0.88,0.39,0.26,0.12
1.98,1.44,0.91,0.4,0.28,0.13
1.97,1.43,0.91,0.41,0.28,0.12
2.03,1.49,0.97,0.45,0.28,0.12
NA,NA,NA,NA,NA,NA
2.02,1.49,0.96,0.45,0.3,0.12
1.93,1.41,0.91,0.42,0.28,0.12
1.91,1.38,0.88,0.41,0.28,0.12
1.89,1.35,0.83,0.36,0.25,0.12
NA,NA,NA,NA,NA,NA
1.97,1.41,0.89,0.4,0.27,0.12
2,1.43,0.89,0.4,0.25,0.12
2.02,1.43,0.88,0.4,0.27,0.11
1.98,1.4,0.86,0.4,0.25,0.12
1.98,1.39,0.85,0.38,0.26,0.11
2,1.41,0.86,0.37,0.24,0.11
1.93,1.34,0.82,0.34,0.24,0.11
1.94,1.37,0.84,0.35,0.22,0.11
1.89,1.32,0.8,0.34,0.24,0.1
NA,NA,NA,NA,NA,NA
1.87,1.31,0.79,0.33,0.21,0.11
1.92,1.34,0.82,0.35,0.24,0.11
2.01,1.43,0.87,0.36,0.26,0.11
2.05,1.47,0.91,0.38,0.26,0.11
2.09,1.51,0.93,0.39,0.26,0.12
2.08,1.49,0.92,0.39,0.24,0.12
2.01,1.4,0.81,0.34,0.22,0.12
1.96,1.34,0.77,0.31,0.22,0.12
1.93,1.31,0.75,0.32,0.22,0.12
1.87,1.27,0.73,0.31,0.22,0.12
1.83,1.24,0.71,0.3,0.22,0.13
1.87,1.27,0.72,0.31,0.23,0.13
1.86,1.25,0.71,0.31,0.23,0.14
1.97,1.35,0.78,0.33,0.23,0.14
1.93,1.32,0.76,0.32,0.24,0.14
2,1.39,0.82,0.35,0.25,0.14
2.01,1.39,0.82,0.35,0.27,0.15
2.04,1.43,0.86,0.38,0.27,0.15
1.96,1.36,0.81,0.36,0.27,0.15
1.99,1.4,0.85,0.4,0.29,0.15
1.92,1.34,0.81,0.4,0.29,0.18
1.93,1.34,0.81,0.38,0.29,0.18
1.99,1.41,0.87,0.42,0.29,0.17
2.01,1.43,0.88,0.42,0.29,0.18
NA,NA,NA,NA,NA,NA
2.05,1.47,0.92,0.44,0.31,0.17
2.01,1.41,0.88,0.42,0.29,0.17
1.99,1.4,0.88,0.43,0.31,0.17
1.98,1.41,0.89,0.43,0.31,0.18
1.92,1.35,0.84,0.4,0.3,0.17
1.94,1.36,0.84,0.41,0.3,0.18
1.98,1.39,0.87,0.43,0.3,0.18
2.03,1.44,0.89,0.43,0.3,0.18
1.99,1.38,0.84,0.41,0.28,0.17
2,1.4,0.87,0.43,0.31,0.17
1.96,1.35,0.83,0.4,0.3,0.17
1.98,1.37,0.85,0.42,0.3,0.18
2.03,1.41,0.89,0.44,0.32,0.18
2.04,1.43,0.9,0.46,0.33,0.18
2.04,1.43,0.92,0.47,0.33,0.18
2.14,1.52,0.99,0.51,0.35,0.2
2.29,1.69,1.13,0.6,0.4,0.21
2.29,1.67,1.11,0.56,0.37,0.21
2.31,1.7,1.13,0.57,0.37,0.21
2.39,1.77,1.2,0.6,0.39,0.21
2.38,1.78,1.22,0.62,0.41,0.22
2.31,1.71,1.15,0.58,0.39,0.21
2.29,1.69,1.13,0.56,0.37,0.19
2.25,1.66,1.1,0.55,0.37,0.19
2.26,1.65,1.09,0.54,0.36,0.19
2.2,1.59,1.04,0.5,0.33,0.18
2.21,1.6,1.05,0.51,0.34,0.18
2.18,1.57,1.01,0.5,0.33,0.18
2.23,1.61,1.04,0.51,0.33,0.19
2.22,1.6,1.03,0.5,0.33,0.18
2.3,1.68,1.1,0.56,0.36,0.2
2.25,1.62,1.05,0.53,0.35,0.19
2.19,1.56,1.01,0.5,0.35,0.19
2.07,1.42,0.89,0.45,0.32,0.19
2.06,1.42,0.9,0.46,0.32,0.19
2.01,1.37,0.85,0.42,0.28,0.19
2.05,1.41,0.89,0.43,0.3,0.18
2.08,1.44,0.9,0.43,0.29,0.18
2.02,1.39,0.86,0.41,0.27,0.17
2,1.37,0.85,0.42,0.27,0.18
2.03,1.4,0.88,0.42,0.27,0.18
2,1.38,0.86,0.4,0.27,0.18
1.98,1.37,0.84,0.4,0.27,0.17
1.99,1.38,0.86,0.4,0.29,0.18
1.96,1.34,0.83,0.39,0.27,0.17
2,1.37,0.86,0.4,0.27,0.18
2.01,1.38,0.86,0.39,0.26,0.18
1.98,1.36,0.83,0.39,0.26,0.18
1.96,1.34,0.82,0.39,0.26,0.19
1.95,1.33,0.82,0.38,0.27,0.2
1.98,1.35,0.84,0.39,0.27,0.19
1.96,1.33,0.82,0.39,0.27,0.18
1.96,1.34,0.82,0.4,0.28,0.19
1.91,1.28,0.78,0.37,0.27,0.18
1.92,1.29,0.79,0.37,0.27,0.18
1.88,1.26,0.77,0.36,0.27,0.18
1.87,1.26,0.77,0.36,0.27,0.18
1.89,1.28,0.79,0.37,0.27,0.18
1.84,1.24,0.75,0.36,0.27,0.18
1.78,1.2,0.73,0.37,0.29,0.19
1.76,1.19,0.74,0.38,0.29,0.19
1.76,1.19,0.75,0.4,0.3,0.2
1.7,1.16,0.74,0.4,0.32,0.2
1.71,1.16,0.75,0.42,0.32,0.2
1.75,1.18,0.75,0.41,0.3,0.21
1.79,1.2,0.78,0.41,0.3,0.21
1.73,1.15,0.74,0.4,0.28,0.2
1.77,1.2,0.77,0.42,0.29,0.21
1.75,1.17,0.76,0.41,0.3,0.2
NA,NA,NA,NA,NA,NA
1.74,1.17,0.76,0.42,0.3,0.2
1.63,1.06,0.69,0.38,0.27,0.19
1.59,1.03,0.67,0.35,0.27,0.18
1.47,0.93,0.62,0.34,0.25,0.17
1.53,1.01,0.68,0.35,0.25,0.18
1.57,1.04,0.68,0.34,0.25,0.18
1.66,1.11,0.73,0.37,0.26,0.18
1.66,1.1,0.72,0.37,0.27,0.18
1.65,1.09,0.71,0.39,0.28,0.19
1.6,1.05,0.69,0.37,0.27,0.18
1.67,1.12,0.75,0.41,0.3,0.19
1.61,1.06,0.71,0.4,0.3,0.18
1.64,1.1,0.73,0.41,0.3,0.18
1.6,1.06,0.68,0.37,0.29,0.18
1.59,1.06,0.69,0.38,0.29,0.18
1.64,1.09,0.71,0.39,0.3,0.18
1.65,1.12,0.74,0.41,0.32,0.2
1.63,1.1,0.73,0.41,0.32,0.19
1.69,1.15,0.76,0.42,0.31,0.19
1.63,1.1,0.72,0.39,0.31,0.19
1.66,1.12,0.75,0.42,0.31,0.21
1.65,1.1,0.73,0.42,0.31,0.21
1.6,1.06,0.69,0.4,0.31,0.22
1.67,1.11,0.72,0.41,0.33,0.21
1.61,1.04,0.67,0.39,0.3,0.21
1.65,1.08,0.69,0.39,0.3,0.21
NA,NA,NA,NA,NA,NA
1.62,1.05,0.68,0.39,0.28,0.19
1.57,1.01,0.64,0.37,0.27,0.2
1.53,0.98,0.63,0.36,0.27,0.2
1.53,0.98,0.63,0.37,0.27,0.2
1.54,0.99,0.64,0.36,0.27,0.2
1.5,0.98,0.63,0.35,0.25,0.2
1.52,0.99,0.63,0.34,0.25,0.2
1.5,0.97,0.6,0.31,0.24,0.18
1.53,0.99,0.62,0.32,0.25,0.18
1.52,0.97,0.6,0.3,0.22,0.18
1.54,0.99,0.62,0.31,0.22,0.17
1.49,0.95,0.59,0.29,0.22,0.17
1.47,0.93,0.57,0.28,0.22,0.17
1.44,0.91,0.57,0.28,0.22,0.18
1.43,0.91,0.56,0.28,0.22,0.17
1.45,0.94,0.58,0.31,0.23,0.18
1.58,1.04,0.65,0.34,0.25,0.17
1.53,0.99,0.61,0.31,0.23,0.18
1.51,0.98,0.6,0.3,0.23,0.16
1.56,1.03,0.63,0.32,0.24,0.17
1.51,0.98,0.61,0.31,0.24,0.17
1.6,1.07,0.67,0.33,0.24,0.16
1.59,1.05,0.65,0.33,0.24,0.16
1.66,1.13,0.71,0.37,0.27,0.19
1.68,1.14,0.73,0.38,0.29,0.19
1.69,1.15,0.74,0.38,0.29,0.2
1.65,1.11,0.71,0.36,0.27,0.18
1.65,1.12,0.71,0.36,0.27,0.19
1.73,1.18,0.75,0.39,0.27,0.19
1.8,1.25,0.8,0.42,0.27,0.19
1.83,1.28,0.83,0.42,0.29,0.2
1.81,1.27,0.81,0.42,0.29,0.2
1.82,1.26,0.8,0.41,0.29,0.19
1.8,1.25,0.8,0.42,0.31,0.2
1.71,1.16,0.71,0.37,0.26,0.19
1.68,1.13,0.71,0.36,0.26,0.19
1.68,1.14,0.72,0.37,0.28,0.19
1.65,1.11,0.7,0.37,0.28,0.18
1.64,1.1,0.69,0.36,0.27,0.18
1.66,1.11,0.69,0.36,0.27,0.18
1.63,1.08,0.66,0.35,0.27,0.17
1.57,1.01,0.59,0.3,0.22,0.16
NA,NA,NA,NA,NA,NA
1.59,1.03,0.62,0.31,0.23,0.16
1.6,1.04,0.62,0.32,0.25,0.17
1.68,1.12,0.68,0.34,0.27,0.18
1.67,1.09,0.64,0.33,0.25,0.18
1.68,1.1,0.66,0.33,0.25,0.18
1.7,1.12,0.67,0.33,0.25,0.18
1.77,1.17,0.7,0.33,0.25,0.18
1.75,1.12,0.65,0.32,0.24,0.17
1.88,1.23,0.72,0.35,0.27,0.18
1.85,1.22,0.73,0.36,0.25,0.18
1.82,1.19,0.71,0.35,0.25,0.18
1.79,1.18,0.7,0.35,0.27,0.18
1.8,1.18,0.7,0.36,0.27,0.18
1.77,1.14,0.68,0.36,0.27,0.18
1.74,1.12,0.68,0.35,0.27,0.18
1.7,1.08,0.66,0.35,0.27,0.18
1.64,1.03,0.63,0.34,0.26,0.17
1.66,1.05,0.64,0.34,0.25,0.16
1.65,1.04,0.62,0.31,0.23,0.17
1.64,1.04,0.62,0.31,0.25,0.17
1.64,1.03,0.61,0.31,0.23,0.16
1.64,1.02,0.61,0.31,0.23,0.16
1.7,1.07,0.63,0.32,0.23,0.18
1.75,1.12,0.67,0.34,0.27,0.18
NA,NA,NA,NA,NA,NA
1.74,1.11,0.67,0.35,0.25,0.18
1.72,1.09,0.66,0.35,0.27,0.18
1.7,1.09,0.67,0.34,0.28,0.18
1.69,1.09,0.67,0.34,0.27,0.18
1.7,1.09,0.67,0.34,0.27,0.19
1.75,1.15,0.7,0.36,0.27,0.18
1.83,1.24,0.78,0.41,0.3,0.18
1.86,1.26,0.79,0.41,0.29,0.18
1.79,1.21,0.77,0.41,0.3,0.18
1.83,1.25,0.79,0.42,0.32,0.19
1.79,1.21,0.77,0.41,0.29,0.18
1.8,1.21,0.76,0.4,0.29,0.18
1.86,1.28,0.82,0.43,0.31,0.19
1.78,1.2,0.76,0.41,0.3,0.19
1.74,1.16,0.74,0.4,0.3,0.18
NA,NA,NA,NA,NA,NA
1.72,1.14,0.72,0.38,0.3,0.18
1.75,1.16,0.73,0.38,0.3,0.18
1.75,1.16,0.73,0.38,0.28,0.19
1.72,1.13,0.7,0.38,0.28,0.19
1.78,1.19,0.75,0.41,0.3,0.19
1.68,1.08,0.67,0.36,0.27,0.18
1.62,1.04,0.65,0.35,0.27,0.2
1.61,1.04,0.65,0.35,0.27,0.18
NA,NA,NA,NA,NA,NA
1.59,1.02,0.63,0.33,0.27,0.18
1.59,1.03,0.63,0.33,0.25,0.18
1.58,1.02,0.62,0.32,0.24,0.17
1.58,1.01,0.62,0.32,0.24,0.16
1.61,1.04,0.64,0.33,0.25,0.16
1.66,1.09,0.67,0.36,0.27,0.16
1.69,1.11,0.69,0.37,0.27,0.17
NA,NA,NA,NA,NA,NA
1.7,1.12,0.7,0.37,0.29,0.19
1.66,1.09,0.68,0.36,0.27,0.17
1.64,1.07,0.66,0.36,0.27,0.18
1.63,1.05,0.64,0.35,0.27,0.18
1.62,1.04,0.63,0.35,0.25,0.18
1.62,1.04,0.61,0.34,0.25,0.18
1.63,1.05,0.63,0.34,0.25,0.18
1.62,1.04,0.63,0.34,0.25,0.18
1.6,1.02,0.61,0.32,0.25,0.18
1.59,1,0.6,0.32,0.25,0.18
1.64,1.04,0.63,0.33,0.25,0.18
1.63,1.04,0.62,0.33,0.24,0.18
1.66,1.06,0.64,0.32,0.24,0.16
1.72,1.11,0.66,0.32,0.25,0.14
1.74,1.15,0.7,0.34,0.27,0.14
1.72,1.15,0.7,0.34,0.24,0.13
1.78,1.2,0.74,0.37,0.25,0.13
1.84,1.25,0.78,0.39,0.28,0.16
1.82,1.24,0.77,0.39,0.28,0.15
1.81,1.24,0.77,0.39,0.28,0.15
1.77,1.2,0.75,0.38,0.26,0.15
1.79,1.22,0.77,0.38,0.26,0.16
NA,NA,NA,NA,NA,NA
1.77,1.2,0.76,0.39,0.26,0.16
1.74,1.15,0.72,0.37,0.26,0.15
1.73,1.15,0.72,0.36,0.27,0.15
1.78,1.18,0.72,0.36,0.25,0.16
NA,NA,NA,NA,NA,NA
1.86,1.25,0.76,0.37,0.27,0.15
1.92,1.31,0.81,0.4,0.27,0.15
1.93,1.32,0.82,0.41,0.27,0.15
1.92,1.31,0.82,0.41,0.27,0.15
1.89,1.28,0.79,0.38,0.25,0.14
1.88,1.27,0.77,0.37,0.24,0.13
1.91,1.3,0.8,0.37,0.26,0.14
1.89,1.28,0.78,0.37,0.26,0.14
1.89,1.27,0.78,0.37,0.26,0.14
1.86,1.24,0.75,0.36,0.26,0.14
1.84,1.23,0.75,0.36,0.26,0.14
1.89,1.29,0.79,0.39,0.28,0.14
1.87,1.26,0.77,0.38,0.26,0.14
NA,NA,NA,NA,NA,NA
1.86,1.25,0.76,0.38,0.26,0.14
1.86,1.24,0.76,0.37,0.26,0.15
1.88,1.26,0.78,0.37,0.23,0.15
1.98,1.36,0.87,0.42,0.28,0.15
2,1.38,0.89,0.45,0.29,0.16
2.03,1.4,0.9,0.43,0.3,0.15
2.03,1.39,0.88,0.42,0.27,0.15
2.02,1.38,0.88,0.42,0.27,0.15
2.04,1.4,0.88,0.4,0.27,0.15
2,1.36,0.85,0.38,0.25,0.15
2.04,1.39,0.88,0.41,0.27,0.15
2,1.35,0.84,0.39,0.27,0.15
1.99,1.34,0.83,0.39,0.25,0.15
1.99,1.34,0.84,0.39,0.25,0.14
1.99,1.35,0.85,0.4,0.27,0.15
2.02,1.38,0.88,0.41,0.29,0.14
2.05,1.43,0.92,0.44,0.29,0.15
2,1.37,0.86,0.42,0.27,0.16
2.01,1.38,0.87,0.42,0.29,0.17
NA,NA,NA,NA,NA,NA
2.03,1.41,0.89,0.44,0.29,0.17
2.02,1.38,0.88,0.42,0.27,0.17
1.99,1.36,0.86,0.4,0.26,0.16
1.97,1.34,0.84,0.4,0.27,0.16
1.88,1.25,0.78,0.37,0.25,0.16
1.88,1.25,0.78,0.37,0.25,0.17
1.91,1.28,0.78,0.36,0.27,0.17
1.89,1.26,0.77,0.36,0.25,0.17
1.86,1.23,0.75,0.35,0.25,0.16
1.88,1.25,0.76,0.35,0.24,0.16
1.9,1.27,0.77,0.36,0.25,0.15
1.95,1.31,0.81,0.38,0.25,0.15
2,1.36,0.85,0.4,0.25,0.15
2.06,1.43,0.9,0.42,0.27,0.15
2.07,1.43,0.9,0.43,0.27,0.15
2.03,1.4,0.88,0.41,0.27,0.15
2.04,1.41,0.89,0.42,0.27,0.15
2.04,1.4,0.88,0.42,0.27,0.15
2.01,1.35,0.84,0.4,0.25,0.14
1.96,1.31,0.81,0.38,0.26,0.15
1.92,1.28,0.79,0.37,0.24,0.15
1.96,1.32,0.81,0.38,0.26,0.15
1.95,1.3,0.81,0.38,0.27,0.14
1.93,1.29,0.8,0.39,0.26,0.14
1.93,1.28,0.8,0.38,0.24,0.14
1.92,1.27,0.79,0.38,0.25,0.14
1.87,1.22,0.76,0.36,0.25,0.14
1.87,1.24,0.77,0.36,0.25,0.14
NA,NA,NA,NA,NA,NA
1.86,1.23,0.76,0.36,0.23,0.14
1.88,1.26,0.78,0.36,0.25,0.14
1.83,1.2,0.73,0.34,0.24,0.13
1.78,1.15,0.69,0.33,0.22,0.13
1.72,1.12,0.68,0.33,0.24,0.13
1.76,1.15,0.71,0.34,0.24,0.13
1.78,1.16,0.7,0.34,0.24,0.13
1.84,1.21,0.74,0.36,0.24,0.12
1.82,1.2,0.74,0.35,0.24,0.12
